GEOID,bw
01001,0.12631401391083727
01003,0.052945842234305165
01005,0.05859821316822482
01009,0.11276280577374373
01011,0.06717995519514446
01013,0.08391001403184228
01015,0.1028650382008039
01019,0.11496805340817033
01021,0.11294013523982296
01023,0.10635316144105889
01025,0.08253003393064712
01027,0.1251775603775085
01029,0.10986427904517089
01031,0.09600404205394458
01033,0.0940112888647429
01035,0.10989369971668705
01039,0.12068670212400816
01041,0.09678009725434873
01043,0.11429803911548274
01045,0.06845920213024864
01047,0.08448689306534723
01049,0.1290416716633769
01051,0.11947879596162814
01053,0.10120620992950408
01055,0.11201121756311407
01057,0.091973382079748
01059,0.06919437767945405
01061,0.06658434525805625
01063,0.1275480672004272
01065,0.09899956809104701
01067,0.06354084820602439
01069,0.054205767789858104
01071,0.11518939935541708
01073,0.10431297871195892
01075,0.09995296172283896
01077,0.07084262166282082
01079,0.12043673895357473
01081,0.10508086080382137
01083,0.09828776488516355
01085,0.10262657124660227
01087,0.0873836568458837
01089,0.07352376242856673
01091,0.04675164955151344
01093,0.09344545139967181
01095,0.08119408908312425
01097,0.04129222164351555
01101,0.05191716099569807
01103,0.1028849634548103
01105,0.0693607028562533
01107,0.0825479193688667
01109,0.08598172995386774
01111,0.09277504347579822
01113,0.05306606952802366
01115,0.09041283642535206
01117,0.08182488349605019
01119,0.05697814257690167
01121,0.08372102470889076
01123,0.13840369824735496
01125,0.10295845594714445
01127,0.13360629851652142
01129,0.09868466069796838
01131,0.07485882001728765
01133,0.14216783662888782
04003,0.029378453969193738
04009,0.026770960618815544
04013,0.032993702211323146
04021,0.039839420786559616
04025,0.06097779151589493
04027,0.030516839022371504
05001,0.08756408064105631
05003,0.04530658501500311
05007,0.07326917045317793
05013,0.06648569326037852
05017,0.04742322794261993
05019,0.0648389566290312
05021,0.07051118240738806
05023,0.10993112988040925
05029,0.0929127474015973
05031,0.07778801805383992
05033,0.06594070862156187
05035,0.07423329342366836
05037,0.060312733059761696
05041,0.034253597554809626
05043,0.06373622946508056
05045,0.04741156160391855
05055,0.07461476510058593
05057,0.1536936290204057
05063,0.08009686475278194
05067,0.04978870467471626
05069,0.04941343604939009
05073,0.042090622990015245
05075,0.09125851736944732
05077,0.06959108100187211
05079,0.07235958083597387
05081,0.09119784792313508
05083,0.07438234738078087
05085,0.10261968631327156
05091,0.06915082232198747
05093,0.06691970179975586
05095,0.05211236524750395
05099,0.09882416906300442
05103,0.066643498953638
05107,0.054657123363467036
05111,0.07858905346948103
05115,0.10208258948809693
05117,0.07853770975813013
05119,0.1104045304770793
05121,0.08316931389994264
05123,0.053958793085288365
05145,0.09316602871692159
05147,0.0396671929600459
05149,0.07260228362448046
06005,0.030504967223842463
06007,0.004751403087900595
06011,0.014408878253474335
06013,0.026349132388776245
06019,0.023955872000161655
06021,0.014919185180016364
06025,0.07669966194626977
06029,0.036496016345406675
06031,0.03897204598212441
06039,0.014458284410553003
06047,0.01826462606975293
06053,0.03634280987871749
06065,0.04846502553782177
06067,0.01760230132143043
06077,0.010328218774774162
06095,0.012854748392216528
06099,0.010152572390023935
06101,0.03110709351412306
06103,0.013429786106971632
06107,0.011946567007885388
06113,0.01836100876875751
06115,0.0172814610925697
08001,0.011029604056980176
08005,0.06457751226099422
08009,0.02533332588838378
08011,0.052264605891496826
08013,0.04908927668276822
08017,0.01823918489471554
08025,0.037160087898196865
08029,0.021215557502514856
08039,0.1540277851977214
08041,0.007105445789541848
08045,0.05280144611911224
08061,0.04885623506693052
08063,0.024293348193328866
08067,0.09415885802719326
08069,0.023594615109954253
08071,0.026873403139503944
08073,0.12651411874883112
08075,0.027759848245004867
08077,0.015490332804423914
08083,0.1762356386089822
08085,0.028871369650303277
08087,0.02213199547262085
08089,0.01050100023856064
08095,0.02796938653460617
08099,0.01337542437256612
08101,0.11971237064914586
08115,0.026022761417201352
08121,0.02514565252971667
08123,0.02104208356599166
08125,0.02004170401873615
10001,0.04045666218837236
10003,0.054240610442208244
10005,0.03943768894726274
12001,0.024001607170355273
12003,0.09557809190343158
12007,0.06135947726912296
12013,0.026076022810355946
12023,0.027807006764576602
12029,0.03356656327918524
12031,0.06713032858576676
12033,0.03538694782356193
12039,0.01716875000055977
12041,0.029957561349376247
12047,0.04042197261104593
12059,0.041892154047003444
12063,0.02037405048812556
12065,0.017271244907247494
12067,0.027981187611635268
12073,0.017317153294061097
12075,0.024294036032877307
12079,0.019559889903299012
12083,0.034293903763962234
12089,0.043317392587870894
12091,0.037544808096009095
12107,0.0409769584797973
12109,0.03878202027774744
12113,0.051277139486022305
12121,0.02661088407525712
12123,0.013964552725094066
12125,0.058409155630476384
12131,0.021733654890862143
12133,0.029897576101403547
13001,0.06247141587399048
13003,0.06255894824359504
13005,0.061259870658743894
13007,0.034002753017326914
13009,0.08930137228922444
13011,0.05690002505519184
13013,0.07671711245702169
13015,0.08203951481927665
13017,0.06765064694912318
13019,0.0650166204455756
13021,0.09337345813681822
13023,0.059657458525407846
13025,0.0554970790537761
13027,0.044084911422078245
13029,0.11835500760416096
13031,0.05963314394381031
13033,0.051836485016896715
13035,0.12848793187432095
13037,0.033421690235147475
13039,0.06355950192259717
13043,0.050885355577489876
13045,0.10522292967263194
13047,0.07211006332708379
13049,0.04833548127519867
13051,0.09170848724569845
13055,0.10247804682035236
13057,0.043503609196635123
13059,0.05063771460549642
13061,0.03995990339853668
13063,0.0348690271190668
13065,0.04697068969469339
13069,0.07074523781992173
13071,0.045197522583647884
13073,0.10703665667300113
13075,0.05683873449762232
13077,0.08902280766518136
13079,0.0846330234922519
13081,0.05955809900996333
13083,0.09437862248011791
13085,0.0572734716267106
13087,0.02526403836762926
13091,0.05811839208954393
13093,0.04652764203518405
13095,0.03601262267614849
13097,0.048422301279806436
13099,0.022101961140536232
13101,0.06757088486266197
13103,0.07265545369004986
13105,0.06737968585054645
13107,0.07813847976377339
13109,0.05526620272924883
13111,0.018011832219287167
13113,0.06647118644914966
13115,0.05766740712894122
13117,0.06866073678588495
13119,0.09311191677077968
13121,0.05162530895404696
13123,0.01388996097069536
13125,0.08951384139330877
13129,0.0506407622097616
13131,0.06266757625067261
13133,0.11130364490053536
13135,0.08094182356847075
13137,0.04533565731147913
13139,0.07155724003882234
13141,0.09184904666081306
13143,0.11329821798796139
13145,0.05891486463018551
13147,0.05934867024813331
13149,0.10612062796165725
13151,0.09373594726767999
13153,0.08435759235961678
13155,0.07473934043005293
13157,0.05541060948519496
13159,0.07178990572218215
13161,0.0413602811592844
13163,0.04882580599732386
13165,0.061147049828143896
13167,0.04900332233861522
13169,0.1116209233412084
13171,0.09065501307382362
13173,0.06332791749400657
13175,0.08884702021230872
13177,0.043259627371036294
13179,0.048836960272620966
13181,0.09047336323461037
13183,0.06711519343128884
13185,0.06082951441083675
13187,0.04675081758410315
13189,0.051766019794401305
13193,0.049812893615340664
13195,0.06771138350750644
13197,0.06193994924521373
13199,0.08318710888240778
13201,0.025289871963149253
13205,0.026122355898902095
13207,0.08506961511903992
13209,0.08506773933629616
13211,0.08315781008047476
13213,0.04832036287299928
13217,0.08524048381501431
13219,0.04592695298117414
13221,0.10186420797107346
13223,0.0686642077467567
13225,0.0644506641549475
13227,0.06332925166781907
13229,0.044368440199420454
13231,0.10898261694672504
13233,0.10703928075482069
13235,0.034680124068255394
13237,0.06576836328095484
13239,0.059565901804877405
13241,0.038007229248743536
13243,0.03686320846326337
13245,0.0720327952128633
13247,0.06525865531117546
13249,0.08972161087231754
13251,0.0451003084732553
13253,0.012355492641373977
13255,0.0843127751056343
13257,0.10869814483119863
13259,0.043344066949130476
13261,0.03919016322961123
13263,0.06182436050616455
13265,0.09470067614901267
13267,0.06647332125269839
13269,0.058999514879802
13271,0.052163304083794396
13273,0.042506848893958664
13275,0.06688652366228381
13277,0.05843233106434457
13279,0.06901762681603671
13281,0.028376847987966865
13283,0.059892101961213376
13285,0.07218158285898876
13287,0.050113874386096206
13289,0.0840105325473289
13291,0.04349878769607464
13293,0.0647209015015163
13295,0.09547029239252357
13297,0.06849932983645185
13299,0.058306947983322664
13301,0.08008660088284932
13303,0.06802193162076038
13305,0.058016368796305964
13307,0.05485673715503813
13309,0.042441288763511276
13311,0.033445419294185784
13313,0.062158088443724314
13315,0.06291863297524838
13317,0.06208160133102613
13319,0.0680153797802463
13321,0.06988814624203002
16001,0.005871589443955667
16027,0.029905489738117824
16031,0.018036649514785334
16039,0.10114081242225842
16041,0.06608391576230958
16045,0.01900519331479568
16047,0.0732119365351668
16053,0.06569293626394905
16063,0.011468676547315424
16073,0.012007659867711563
16075,0.0358126353374649
16083,0.02478115990289983
16087,0.03596649790708764
17001,0.10677953192231712
17003,0.054137074572581906
17005,0.10431331088104168
17007,0.048967749470066685
17009,0.10885052713660259
17011,0.06288245446190235
17013,0.06505135229987262
17015,0.03937051511197607
17017,0.08299551462056108
17019,0.07196058663595122
17021,0.07766324967686536
17023,0.05846330597136096
17025,0.13630561984859202
17027,0.08670970039669487
17029,0.06609064958057949
17031,0.06001812267868521
17033,0.07353356477981754
17035,0.056537294149496306
17037,0.03280584239098076
17039,0.07997692956978632
17041,0.06875696425672331
17043,0.026804915108615872
17045,0.05749727498073901
17047,0.08446745851423994
17049,0.06557674393868825
17051,0.09739482371132041
17053,0.11168266106437301
17055,0.07710846305047453
17057,0.09934854122501338
17059,0.060278796796292194
17061,0.099382584996384
17063,0.03031878782948184
17065,0.09728502367492829
17067,0.0998019848437458
17069,0.0745871133005391
17071,0.056206212725536164
17073,0.07023561826240082
17075,0.08134998441787998
17077,0.08167672769605899
17079,0.08530935849876142
17081,0.0802367585166592
17083,0.08291924430395169
17085,0.04566794561383197
17087,0.06886595513968236
17089,0.03541189732655763
17091,0.0751742792381878
17093,0.02393412170921628
17095,0.07985114303151818
17097,0.05907296625895134
17099,0.06220676505030301
17101,0.06243416991061604
17103,0.058755179253699635
17105,0.10669321618307716
17107,0.08919672452981911
17109,0.07883938354865236
17111,0.05317228496769538
17113,0.10153308070094703
17115,0.08819644331045012
17117,0.08998201613589747
17119,0.05918936750324226
17121,0.08009160148631281
17123,0.08168772291879013
17125,0.09776140525804884
17127,0.06409678860349366
17129,0.08157989385572009
17131,0.047764269636031836
17133,0.0693912748288739
17135,0.08160933740301445
17137,0.08476402545993637
17139,0.06257376361774598
17141,0.04184179399116035
17143,0.08944228031823698
17145,0.06965728817851764
17147,0.0707981535490822
17149,0.09086857978751411
17151,0.062022222765621735
17153,0.052162978331965364
17155,0.06603364748964163
17157,0.07199127962600375
17159,0.10218892355220073
17161,0.05173760644453562
17163,0.05194736079610446
17165,0.06881386789881831
17167,0.06695706717176503
17169,0.10528702951894943
17171,0.0979284378029188
17173,0.06639463325149117
17175,0.07359667229757318
17177,0.03865481853854777
17179,0.08965501310770055
17181,0.06239832816258055
17183,0.06775943042019239
17185,0.06460875034864112
17187,0.0737574906475296
17189,0.08843379782740315
17191,0.12226814717147036
17193,0.07319012249589948
17195,0.05534306904512082
17197,0.02542487646771103
17199,0.06660179695099075
17201,0.06360961589766606
17203,0.10202896539512839
18001,0.029788060741179765
18003,0.02046005309631978
18005,0.08540184345975521
18007,0.06706251343130575
18009,0.05830943257043321
18011,0.030085840978243766
18013,0.06754720402803042
18015,0.03165282366585537
18017,0.03360877041031579
18019,0.07848645773718144
18021,0.04617965712715395
18023,0.028307806233695918
18025,0.07991602401888198
18027,0.04660239444594489
18029,0.0480730055563347
18031,0.05941726979714413
18033,0.03438164328492471
18035,0.07108650019706557
18037,0.060881282380142385
18039,0.030050555780246388
18041,0.06218748881913737
18043,0.09624141934674467
18045,0.0644166640810075
18047,0.046467900101027054
18049,0.025002632221362404
18051,0.0561225330320813
18053,0.0657798543561546
18055,0.05620619134293872
18057,0.035256118385495874
18059,0.059213878647901785
18061,0.0947077009027805
18063,0.044063153843432026
18065,0.06196034637431356
18067,0.0316998464671071
18069,0.05287447972362791
18071,0.09348218069313852
18073,0.034488430869760126
18075,0.0633806783054984
18077,0.08756277578874161
18079,0.07387611375310986
18081,0.051275704958732196
18083,0.05491950125968557
18085,0.037704078066883404
18087,0.029182629102430392
18089,0.042789760141135294
18091,0.022229122678116373
18093,0.08593022345545248
18095,0.059196908679747404
18097,0.054990343358592444
18099,0.022063952236356623
18101,0.05014965772608482
18103,0.03449321627596057
18105,0.057222468877716606
18107,0.041208623932164755
18109,0.05389386520230862
18111,0.06671709749803464
18113,0.031702062323582816
18115,0.045575604741556856
18117,0.08166145370644486
18119,0.05431811674026871
18121,0.06004724961966115
18123,0.04473242849493769
18125,0.05235155796448778
18127,0.029281061416313287
18129,0.048345034086410194
18131,0.030615775103331928
18133,0.038608026535138146
18135,0.0595953929721461
18137,0.06115624105712451
18139,0.05347136339348486
18141,0.02279709132105743
18143,0.07212844578037941
18145,0.064041185706888
18147,0.04500914468456139
18149,0.028097845190428114
18151,0.03497985734804391
18153,0.04790860376030861
18155,0.053707724735314814
18157,0.03797428351460208
18159,0.035515512150324766
18161,0.04814345024625698
18163,0.05346739272083963
18165,0.059953992717949905
18167,0.04894532130658147
18169,0.05136857573881957
18171,0.06922737002805836
18173,0.047794929797622426
18175,0.08756277957876818
18177,0.0656199164619348
18179,0.0358610371321281
18181,0.04176959167379971
18183,0.040625596666575156
19001,0.09468437247249331
19003,0.1458776464339493
19005,0.05009370696707385
19007,0.20484262614716323
19009,0.0672065451974703
19011,0.03245685346392604
19013,0.03861598154251006
19015,0.04519896635876675
19017,0.04250766177153304
19019,0.028488793093376992
19021,0.07259709407144087
19023,0.02642329799985188
19025,0.06040763022437147
19027,0.07228518049434288
19029,0.07645231649855519
19031,0.04561522827461255
19033,0.035734429983033965
19035,0.07729991378402289
19037,0.05412627936834264
19039,0.21516836640743672
19041,0.04446990500963255
19043,0.04342187573997511
19045,0.03671025866835192
19047,0.06667838667996662
19049,0.0782447059779371
19051,0.17310891030167258
19053,0.20689564686812473
19055,0.047929157325152065
19057,0.0760720118581111
19059,0.04641484844989206
19061,0.03734233861041187
19063,0.030160629288226937
19065,0.031385813182463716
19067,0.056598721288828896
19069,0.03840802412200786
19071,0.0711792385549139
19073,0.05486302747024361
19075,0.026203048431611767
19077,0.06686449152978273
19079,0.04296624032853907
19081,0.03018097274326311
19083,0.03301801534259808
19085,0.07627206548678042
19087,0.09987618125272003
19089,0.07338190782077061
19091,0.046942160699308774
19093,0.07765889635428541
19095,0.13222149930441354
19097,0.054477978775799345
19099,0.08465122515936553
19101,0.12582192728311214
19103,0.08113784389795169
19105,0.04570985672393666
19107,0.1381151844690556
19109,0.03261674907267377
19111,0.13868691438885986
19113,0.0403560445778028
19115,0.06265278680116265
19117,0.18179564270067863
19119,0.06965637858961776
19121,0.11825174121257483
19123,0.11551349789497112
19125,0.11692679647489834
19127,0.039938092662460456
19129,0.059909726991772314
19131,0.06288477374473331
19133,0.09912094718226938
19135,0.1622290071856359
19137,0.08854549206049969
19139,0.05152145351282328
19141,0.0469592239123189
19143,0.05193252774699676
19145,0.10501611713814207
19147,0.04317769794059564
19149,0.07896320883201025
19151,0.04533692729230992
19153,0.07582673123297472
19155,0.09057649972002496
19157,0.09962868937296263
19159,0.19626106612676797
19161,0.08681450629661011
19163,0.05565821775471594
19165,0.0627620215249437
19167,0.08189922499822908
19169,0.04447033435263496
19171,0.01903649256174957
19173,0.18315080274927284
19175,0.13454410549635423
19177,0.15254228999533403
19179,0.1320349443387189
19181,0.11621527105884152
19183,0.09458256973017319
19185,0.2156710416427747
19187,0.05028617295343507
19189,0.043060230189348195
19191,0.047302435165171894
19193,0.09151150945488025
19195,0.050617542581141275
19197,0.04577042813486731
20001,0.08426277832130978
20003,0.13899785078991772
20005,0.1500641094068959
20007,0.043790103844173645
20009,0.07728992089160958
20011,0.0991714609562723
20013,0.14684793090857262
20015,0.06389158599055707
20017,0.10802095703037184
20019,0.13726341685235277
20021,0.08791543622272231
20023,0.04982104581901831
20025,0.037570576480034736
20027,0.04273526821178389
20029,0.05139941817243213
20031,0.13379088966559152
20033,0.035020399488463666
20035,0.06977869876489465
20037,0.11881330905800636
20039,0.021318245401752044
20041,0.06312574609250848
20043,0.0981463716976122
20045,0.12097088419939483
20047,0.10581475263643561
20049,0.04526773772070175
20051,0.10178762969318975
20053,0.08990997921502562
20055,0.03867885381197889
20057,0.025670746446844913
20059,0.11029517382114226
20061,0.051980396104272374
20063,0.07326159198203042
20065,0.035585529115186795
20067,0.007921276286565353
20069,0.012164372701600862
20071,0.11830804850396164
20073,0.07493247962274031
20075,0.05364652733141303
20077,0.0429930334071985
20079,0.027443834801809088
20081,0.005217679804650742
20083,0.0514581048868613
20085,0.14427353358598102
20087,0.14771598171795378
20089,0.05149429889726004
20091,0.18212445376322353
20093,0.020995082804734683
20095,0.03479485352638922
20097,0.1038579401458862
20099,0.05563696077756454
20101,0.034157312762536605
20103,0.1360720278458871
20105,0.05590847923593656
20107,0.10548741980551951
20109,0.05532172275478537
20111,0.07956655009687384
20113,0.04784853922414729
20115,0.11984239111192653
20117,0.11369829650686322
20119,0.030162192647557196
20121,0.15887887571125991
20123,0.03736394233509243
20125,0.09289171415059509
20127,0.10622376527708241
20129,0.05384414499010603
20131,0.1356249760972284
20133,0.09989842127232088
20135,0.09851446711478308
20137,0.01208158322268026
20139,0.11814617835893332
20141,0.02190583513575462
20143,0.056565795375444664
20145,0.042236715313254375
20147,0.10466819764732552
20149,0.08416490998772372
20151,0.08798395960430763
20153,0.038428326604164696
20155,0.04323165363232327
20157,0.042314106711102806
20159,0.07830520319508215
20161,0.10887046554196861
20163,0.06592154701169267
20165,0.07804268856064144
20167,0.09310349657810259
20169,0.10854837637987459
20171,0.027083284549089277
20173,0.057199038239902016
20175,0.0077042783896245255
20177,0.06971842445548854
20179,0.08875245580086626
20181,0.07452640031819846
20183,0.025242302071078054
20185,0.04851716939600351
20187,0.022487185811099587
20189,0.022074775093351883
20191,0.04323632370540907
20193,0.10658744627242173
20195,0.07915140927898767
20197,0.051189980424783926
20199,0.07506826431045474
20201,0.08762311317095339
20203,0.09643757793217123
20205,0.09716132528391873
20207,0.08052480699213693
20209,0.17078588212172474
21001,0.038092601379307416
21003,0.059204200630839435
21005,0.08379923610694659
21007,0.07007765649521817
21009,0.07921552858040887
21011,0.04740632698077934
21015,0.04645702363263061
21017,0.12871629757196318
21019,0.03862424751659973
21021,0.08011206798188719
21023,0.06378325163686051
21025,0.05341242747274281
21027,0.0724546126449594
21029,0.09379468872163492
21031,0.04112502869624521
21033,0.07544546912583354
21035,0.08478781613789736
21037,0.05852795167142734
21039,0.05301947003256899
21041,0.0498134285024516
21043,0.03777426924142639
21045,0.053860247871862076
21047,0.10582596061416824
21049,0.12794825790940384
21051,0.019229925845295107
21053,0.055919874050589714
21055,0.045035769813608045
21057,0.0626535930034988
21059,0.05233840738391441
21061,0.061456341127798214
21063,0.013049447050650389
21065,0.06439425222994652
21067,0.12064898670669368
21069,0.06503628128368358
21071,0.028929586344084934
21073,0.06985141272068103
21075,0.07109844320492842
21077,0.0746038631399135
21079,0.04284955969769626
21081,0.04751763255851247
21083,0.06951590817694098
21085,0.05316583925686235
21087,0.05092502044697959
21089,0.06426570980832905
21091,0.04335096911350894
21093,0.103118179263751
21097,0.10698144994609608
21099,0.07496221827901643
21101,0.04800310939642177
21103,0.0793104924927116
21105,0.06769797238526307
21107,0.05759938815768163
21109,0.05550640481796346
21111,0.09703580587424006
21113,0.07719920749730737
21115,0.025181684146367043
21117,0.0600195127117597
21119,0.026002476086258785
21121,0.012312313434710509
21123,0.08665194729530454
21125,0.04089650333086993
21127,0.03736253881208881
21129,0.03223381099313954
21135,0.07636896602318757
21137,0.05365595675320656
21139,0.07401796299142178
21141,0.08706427482032467
21143,0.0751236521035286
21145,0.07196480643162273
21147,0.0260357588049249
21149,0.059413842501440314
21151,0.07992789494706705
21153,0.05438320915742097
21155,0.06618867336411392
21157,0.0609189687660679
21161,0.06875567624696699
21163,0.10365354216630586
21165,0.03739386489343238
21167,0.07090561683365779
21169,0.06700963640987408
21171,0.0686700888030519
21173,0.06062279683781194
21175,0.06149760208256037
21177,0.07019926503524143
21179,0.09171479910517875
21181,0.11250789275577652
21183,0.03954796427921066
21185,0.07009110792477038
21187,0.06885539420411825
21189,0.04373107518549619
21191,0.0563774050225119
21197,0.06176580479110932
21199,0.03542921631561898
21201,0.04549245275888816
21203,0.0624690629717678
21205,0.014482851542716746
21207,0.05769361146819233
21209,0.10661710371897909
21211,0.09830864602002011
21213,0.07329847505131998
21215,0.09361997663423281
21217,0.06533966453949172
21219,0.1042353039127252
21221,0.06374926825664562
21223,0.06521849929651345
21225,0.041145849091854154
21227,0.07491743993245349
21229,0.10171656896417035
21231,0.039328430237298775
21233,0.05707301979409611
21235,0.024088862088843796
21237,0.030895904357873028
21239,0.09593895059844365
22001,0.05421631402498564
22003,0.07735255246955025
22005,0.009655636258145068
22009,0.1234904979568708
22011,0.07468069974152032
22013,0.06272142330961883
22015,0.1127398995282188
22017,0.06615040164050794
22021,0.07171090320098705
22025,0.06817841056096538
22027,0.06727532199033626
22029,0.07101366464408353
22031,0.023307968246003587
22033,0.026690091479323205
22035,0.04083742276156513
22037,0.07107762521680698
22039,0.10263653837963091
22041,0.06890970695982182
22043,0.12714890654200406
22045,0.022748200721494714
22047,0.0613733531585557
22055,0.04136718795717176
22057,0.011746036104007807
22063,0.03373741765479188
22065,0.03351995077049165
22067,0.07973482908836885
22069,0.05891828681865735
22073,0.09299039712821996
22077,0.04904770025773226
22079,0.09246320172983791
22081,0.10784142552954343
22083,0.08299239576679901
22091,0.10743171541490552
22097,0.04448044895287159
22099,0.057066531381437816
22103,0.07214688237385888
22105,0.05127168721294552
22107,0.05034654582585914
22111,0.09565069148682659
22113,0.016474101598651807
22117,0.06897429500456201
22121,0.05640216981464363
22123,0.07436196859562806
22125,0.08747878585321921
24001,0.0381169571959058
24003,0.04114455411616903
24005,0.03470738883937728
24009,0.045550536320582376
24011,0.045369801619227525
24013,0.054677530544088984
24015,0.04031793135018812
24017,0.04558965005189444
24019,0.02457335849559429
24021,0.032592519911844156
24023,0.05541298734583815
24025,0.03549088578599949
24027,0.05271369616331514
24029,0.06650708742193351
24031,0.05464291985241876
24033,0.03994633530737227
24035,0.05924647704707936
24037,0.04920458130247018
24039,0.0459911048238158
24041,0.04279514029438101
24043,0.046548488915686206
24045,0.03758987660344168
24047,0.04442493148595606
26001,0.006563492572608474
26005,0.037003287918040355
26007,0.025274970973271686
26009,0.041233501272200136
26011,0.01154533972298064
26015,0.04550844842435042
26017,0.011150251378989905
26019,0.03893409143433064
26021,0.05328340362380439
26023,0.04165278066924309
26025,0.04718341016644818
26027,0.021938899136362336
26029,0.07113584905411115
26031,0.03344276166023479
26035,0.041338833108668774
26037,0.036897736921231335
26041,0.03037073102548193
26043,0.03345322877325805
26045,0.05157914256804355
26047,0.04824208564623238
26049,0.029007321233043948
26051,0.01398859813288909
26055,0.0518998743189991
26057,0.034297460872469085
26059,0.03240745649366629
26063,0.05929732917209258
26065,0.04151029085564232
26067,0.02953341824530985
26069,0.020346127276447006
26073,0.025027495100964685
26075,0.04070827206380712
26077,0.036377754502113564
26079,0.02788096292294604
26081,0.036300180337457216
26085,0.04082950304951964
26087,0.02629482244987232
26089,0.02689364469097153
26091,0.03561287664023737
26093,0.04323237841242475
26099,0.004612023870929922
26101,0.04212267920293255
26105,0.04153843503034019
26107,0.03551948430385939
26109,0.03350881275742923
26111,0.018943396186662617
26113,0.043726492791508025
26115,0.031639961985932386
26117,0.03335743276091936
26119,0.02113075070098736
26121,0.04108125717809989
26123,0.04974916849846445
26125,0.03191512923834786
26127,0.02966116071330993
26129,0.01922727319086916
26133,0.024361460771940416
26135,0.007833510840452567
26137,0.030045466174677883
26139,0.03880064131732907
26141,0.020150068446288187
26145,0.03497751436690128
26147,0.019866654568616724
26149,0.013800379408402827
26151,0.028981796921085476
26155,0.03221471495266663
26157,0.08436746526454587
26159,0.045946726419289124
26161,0.02277678516668767
26163,0.032018909030831814
26165,0.06652862567089
27001,0.0226308961068524
27003,0.07125118112900002
27005,0.09852399084152787
27007,0.10380978146395392
27009,0.08114852499055061
27011,0.1343919793591517
27013,0.051476656960875
27015,0.05405458969506328
27017,0.07265965248045561
27019,0.0820187280130633
27021,0.04501060938895124
27023,0.07967256267335786
27025,0.0640084707140898
27027,0.0710254428850847
27029,0.10648668196812447
27033,0.054215177454660306
27035,0.08634929118814762
27037,0.05586606237048139
27039,0.04595165645815069
27041,0.11466743848022042
27043,0.054013330092339884
27045,0.07145876338753634
27047,0.04171428395489796
27049,0.05244866073604386
27051,0.07085851265124907
27053,0.09992993990516053
27055,0.050542853363186896
27057,0.11613209192406401
27059,0.05324379389867043
27061,0.0315679915920929
27063,0.048396528021396615
27065,0.05499169020535109
27067,0.08018898642091266
27069,0.06995569346244827
27073,0.08282720745994024
27079,0.046559225326390334
27081,0.10217496707947323
27083,0.09581351754650591
27085,0.060809183577492
27087,0.17876586573523254
27089,0.04045142527257524
27091,0.034165087448413366
27093,0.08614370708373244
27095,0.08007484486126895
27097,0.12186855708817773
27099,0.07049593853100518
27101,0.08279937015526663
27103,0.06286010837097253
27105,0.07787126663532273
27107,0.04811717303189781
27109,0.0811166016360471
27111,0.0781613737447156
27113,0.09898484539707254
27115,0.06366894338169152
27117,0.10257245268843429
27119,0.07712908773799176
27121,0.09563571565508125
27123,0.0689628912028794
27125,0.10408264018637645
27127,0.07791640580643479
27129,0.060457102250623534
27131,0.046754201522734934
27133,0.06370397517332313
27135,0.05564932998011607
27139,0.048328869639549896
27141,0.043477176480407366
27143,0.061256673012478155
27145,0.08225299630622625
27147,0.05151943160371339
27149,0.08225737961070576
27151,0.0724158250184173
27153,0.07850736764804647
27155,0.09649169709663355
27157,0.05273869815732804
27159,0.08237024869435614
27161,0.04007113940368706
27163,0.09425931326268427
27165,0.04527593232152037
27167,0.10510313942214645
27169,0.0655542641302705
27171,0.06650606444420816
27173,0.07765745412622752
28001,0.0659234396479976
28003,0.053460567166965026
28005,0.048215977974722025
28007,0.053627084628620536
28009,0.09337177100967438
28011,0.04985343470119284
28013,0.04249819991239777
28015,0.060462572539041456
28017,0.05164342320124955
28019,0.07694287194126129
28021,0.06154442371280103
28023,0.06763553358169316
28025,0.05552276811871873
28027,0.03769318795232693
28029,0.044380341884585436
28031,0.06366775148728969
28033,0.05096047219830724
28035,0.044487684241248014
28037,0.09750667771395485
28039,0.09817462193996677
28041,0.05774473902046377
28043,0.06701668613007122
28045,0.03350880682631123
28047,0.04405850102906587
28049,0.044887108710782796
28051,0.05182610279630645
28053,0.04443992703302157
28055,0.02645742073992422
28057,0.06097290422113666
28059,0.05585823831639157
28061,0.06731629082477979
28063,0.08927298816210902
28065,0.053795778314842335
28067,0.06738863181045082
28069,0.10423980937230834
28071,0.09742285255329013
28073,0.07043983052481481
28075,0.05623025019068345
28077,0.07426065730641399
28079,0.11530488478359799
28081,0.05380951889169691
28083,0.06251761043170734
28085,0.04400362882644063
28087,0.078352889992142
28089,0.046725825175837135
28091,0.05148303982943846
28093,0.06800063026125007
28095,0.06091610424819299
28097,0.03527441641042482
28099,0.09173225124139119
28101,0.05836598252691029
28103,0.055230991951336156
28105,0.059452496180389
28107,0.05525573765732054
28109,0.04217746291188516
28111,0.07043150747314664
28113,0.052716207171404086
28115,0.04651220646501923
28117,0.051038433400539825
28119,0.02394067124360143
28121,0.03731872375926908
28123,0.05203094706455137
28125,0.0346318025056838
28127,0.055053945950120566
28129,0.05624358528397964
28131,0.08798062759676378
28133,0.01286316992417166
28135,0.0402368116838093
28137,0.05198541870577583
28139,0.06816965774400535
28141,0.06704761629447972
28143,0.03896584124471853
28145,0.05143984285120798
28147,0.06656969753697273
28149,0.020011797976966797
28151,0.030869455345517265
28153,0.060445497483057026
28155,0.05325322616398788
28157,0.0966159905863758
28159,0.06466495571149461
28161,0.05333778751134756
28163,0.02389950081055555
29001,0.17865362932719475
29003,0.15721332331282595
29005,0.0684640082705289
29007,0.16141541444008853
29009,0.1391298479067833
29011,0.1363942544059793
29013,0.13055399419076794
29015,0.17193199495225212
29017,0.0746611508973117
29019,0.07907950896697316
29021,0.1207805864445422
29023,0.05085794759745152
29025,0.2005088539474631
29027,0.11505472554526944
29029,0.13035052666596755
29031,0.04588829763110765
29033,0.14805713967346495
29035,0.05092815368662542
29037,0.15803704844951272
29039,0.14888014249275752
29041,0.1613780321746543
29043,0.10594106389286112
29045,0.16463417783166232
29047,0.1730643524204311
29049,0.187993265629047
29051,0.11996947279298839
29053,0.15522411521064605
29055,0.07509611102925756
29057,0.19865079161307636
29059,0.1271887277496713
29061,0.1787207439283254
29063,0.20992550559641687
29065,0.06720147809260422
29067,0.1451505898142611
29069,0.06836153745137295
29071,0.06959271877110958
29073,0.09190624605082695
29075,0.19072826564569076
29077,0.14184996120723495
29079,0.20298932842448836
29081,0.22157345711910598
29083,0.16654052367338
29085,0.1265114548047159
29087,0.08453864267851124
29089,0.14652147641658803
29091,0.14621173673194143
29093,0.14948719344395328
29095,0.11954744843428483
29097,0.16196777022304826
29099,0.05095372424487993
29101,0.14684793742325575
29103,0.21296640977470366
29105,0.13624577032758128
29107,0.10665189375799264
29109,0.18731835042573614
29111,0.18522938529830274
29113,0.0810184261467775
29115,0.19827594354359815
29117,0.17201756038655386
29119,0.1370943453495903
29121,0.1962005031983311
29123,0.08552559772978692
29125,0.12051946177690782
29127,0.16846261638612234
29129,0.17310509267824406
29131,0.12519345320489628
29133,0.05428939496100753
29135,0.138171742559594
29137,0.23167765654078074
29139,0.08491451589111593
29141,0.15166461225509562
29143,0.04808910075790371
29145,0.14559557842442303
29147,0.12683643540184672
29149,0.07332051696262887
29151,0.11022929119145462
29153,0.10074743184898152
29155,0.08100801616099336
29157,0.06385541771603721
29159,0.15985201158855267
29161,0.12007550045782092
29163,0.09589665181641525
29165,0.13529296299494914
29167,0.17354164216431842
29169,0.11140310733350609
29171,0.14664973690036387
29173,0.1647142322267723
29175,0.18971294895245783
29177,0.1702704654339693
29179,0.09480157214406641
29181,0.09062066758562166
29183,0.039361338567848854
29185,0.16229439448873006
29186,0.06962992813574759
29187,0.13114548236921797
29189,0.040473912204867
29195,0.1127012400871843
29197,0.1495805085155388
29199,0.16110583009780646
29201,0.043713301906512035
29203,0.06709981920516857
29205,0.24060064075792964
29207,0.03344169791931242
29209,0.1394493801385108
29211,0.20924375755966754
29213,0.08767309522417199
29215,0.09774155258457261
29217,0.1262788218318609
29219,0.0597285473182127
29221,0.050221041958965054
29223,0.08489942235868189
29225,0.14075080110053137
29227,0.161183944284592
29229,0.1029483172784059
30003,0.017449133159483668
30009,0.022818577405656158
30017,0.01561247235025813
30021,0.02895907041227896
30079,0.00623324120238538
30083,0.0077498181282325464
30087,0.02141739793233344
30095,0.042226909034598394
30103,0.0006024528392315822
30111,0.0017670687928156275
31001,0.04748098726405602
31003,0.049429246424994015
31005,0.03880980709524744
31007,0.17086331772497232
31009,0.04500885371897509
31011,0.05832409140841327
31013,0.05784760368595542
31015,0.047235876090914036
31017,0.029875036795860933
31019,0.04951450468334813
31021,0.06277679114354885
31023,0.06998437957404562
31025,0.09706915856247177
31027,0.11459393533426354
31029,0.07158496496966706
31031,0.03096092960970225
31033,0.01923053269953584
31035,0.04134002884026189
31037,0.06351013774958775
31039,0.07050355193599431
31041,0.03222240543791615
31043,0.05705226407340401
31045,0.13751924766541218
31047,0.045691252322779714
31049,0.03163831467547966
31051,0.1138905810101292
31053,0.07847281645831683
31055,0.07814551995795388
31057,0.05928962946191461
31059,0.051743556306894985
31061,0.03919936996655468
31063,0.07382430331666132
31065,0.03700628535739734
31067,0.07927685488002062
31069,0.06476643447373362
31071,0.026892928307115812
31073,0.058715436775281724
31077,0.06312497616053069
31079,0.04266480612473223
31081,0.0553191019877185
31083,0.03751723273424813
31085,0.05722905026718565
31087,0.037442607711269046
31089,0.034796903949643486
31091,0.10397143869959229
31093,0.06836218516649882
31095,0.06336975765454715
31097,0.10347325690853687
31099,0.05189287646071282
31101,0.012370532933630798
31103,0.013652846248086142
31105,0.012578989815637206
31107,0.08313932821937711
31109,0.0867916562436241
31111,0.022019658346214423
31113,0.020476801619279887
31115,0.028636687974038195
31117,0.04799950357074089
31119,0.06532490093179726
31121,0.05523103598977299
31123,0.19295154172345844
31125,0.06344570573541009
31127,0.10478383000027583
31129,0.0518633053156017
31131,0.10595152361578289
31133,0.12455036588181584
31135,0.03426833463956415
31137,0.04907952893438819
31139,0.06586984579697615
31141,0.05413158367932192
31143,0.047844991463869196
31145,0.04834481807372412
31147,0.10239823306051572
31149,0.05339940289365056
31151,0.0744925571347462
31153,0.08314895077085081
31155,0.07694076544775336
31157,0.18584830606738878
31159,0.07545449482672562
31161,0.04623804492276947
31163,0.048808104993044756
31165,0.035099273407874595
31167,0.1048716088667928
31169,0.05987696881261499
31171,0.016951089605743742
31173,0.057054587788951776
31175,0.05610460958509338
31177,0.09050222709686148
31179,0.11055568074189022
31181,0.03281598525743796
31183,0.027157650575763366
31185,0.05308907155064341
34001,0.05537877624446076
34005,0.03191639161296202
34007,0.03081317542759331
34009,0.09211245377815715
34011,0.0476222131997646
34015,0.05315669040932594
34019,0.0404366969733051
34021,0.03984430444550306
34023,0.021651096917787535
34025,0.030550721363995278
34027,0.027787503488992567
34029,0.03340286639985247
34033,0.03757445335650371
34035,0.04466483795219305
34037,0.03381185813723379
34041,0.03823616231032711
35001,0.0016671705129118084
35005,0.014154727921195934
35009,0.018794306863783916
35013,0.02896085076449868
35017,0.1301061643497552
35019,0.04567515131302819
35023,0.017768774412637696
35025,0.059288876396572834
35029,0.03597810327686265
35031,0.007614413565847628
35037,0.05140215143433728
35039,0.0666895098213674
35041,0.046087762201530186
35043,0.042814549214260735
35045,0.014049613273919018
35047,0.12270534309304432
35049,0.04429255845915346
35053,0.014690331417219281
35057,0.017117753480878028
35059,0.2723220696437572
35061,0.06356611299389268
36001,0.023025265050243413
36003,0.04114071742037738
36007,0.02181691914473378
36009,0.020843228799465586
36011,0.03259770557732793
36013,0.030285923950380853
36015,0.00955693890137405
36017,0.021673582959977646
36019,0.016779512819070867
36021,0.031511115594336406
36023,0.03360342765024998
36025,0.01068156832207938
36027,0.024063320967331197
36029,0.040289474189480125
36031,0.024387100071394944
36033,0.01911915995577457
36035,0.04296234971156436
36037,0.04423727916082111
36039,0.027143919141052613
36043,0.03808640220649507
36045,0.03787540736987177
36049,0.03503905316362513
36051,0.04874894349748737
36053,0.02094913624959957
36055,0.0323326579596624
36057,0.02854158459825199
36063,0.03748954567444972
36065,0.019455586970177643
36067,0.017130815466656762
36069,0.06331031114392655
36071,0.01524221059571704
36073,0.016142357595452843
36075,0.0317696559610338
36077,0.03419534077369947
36083,0.010706639495018877
36089,0.05245948902628533
36091,0.03677202789572678
36093,0.0263674130070714
36095,0.03549826288981232
36097,0.04175201254272199
36099,0.026651389923969405
36101,0.02404385746361529
36103,0.011595028005727058
36105,0.023132967745772712
36107,0.012908245473036812
36109,0.010818610961326018
36111,0.017838068442328315
36115,0.008255258003072802
36117,0.04470373751076287
36121,0.028771366643775657
36123,0.02595076856204313
37001,0.06570505042769803
37003,0.05444913064057164
37005,0.045661098738710354
37007,0.07030315777958182
37009,0.03079261992679498
37011,0.0673319373058678
37013,0.018290000603653586
37015,0.021585953112655144
37017,0.031038566206798276
37019,0.0589225617803959
37021,0.01574751354478702
37023,0.03992456752860788
37025,0.059205168121909936
37027,0.03992719047289854
37029,0.020443533361457412
37031,0.014956626819365717
37033,0.05638200364575419
37035,0.05410142158996738
37037,0.05444774394437935
37039,0.02723401913615593
37041,0.022158740826422323
37043,0.03857017754321414
37045,0.06331769536493244
37047,0.05083700894511041
37049,0.04412290038968976
37051,0.046469727912603426
37053,0.019311861903900406
37055,0.009277410981212663
37057,0.06933692400371282
37059,0.05871405877005785
37061,0.04238374023744763
37063,0.047132002711018105
37065,0.046891809077163844
37067,0.045901694680084475
37069,0.05204112474944879
37071,0.0654598812426642
37073,0.041899137761793055
37075,0.04130564315190044
37077,0.06185015959312008
37079,0.064526918398594
37081,0.051573595446490234
37083,0.04874079897431651
37085,0.05248311654329815
37087,0.06674326561222879
37089,0.00675294857145133
37091,0.034581428769300177
37093,0.07067347183325251
37095,0.01968059675038478
37097,0.045171108500326955
37099,0.06395477837637198
37101,0.07121512300254786
37103,0.08809723596048824
37105,0.06610063743656282
37107,0.0582322087026404
37109,0.07077362559530403
37111,0.03368950638266186
37113,0.0556423314181967
37115,0.07335733461592872
37117,0.022870673792915512
37119,0.04955475701614852
37121,0.04587997066376472
37123,0.08029641428407247
37125,0.05304875536226738
37127,0.052186711872924015
37129,0.031773843519045025
37131,0.03995580978765697
37133,0.06589730332013574
37135,0.0647127680297458
37137,0.01901806208085127
37139,0.02166080826610923
37141,0.03915891515914527
37143,0.034713235523811475
37145,0.047219116914436005
37147,0.05201343287323559
37149,0.03139257370524992
37151,0.058751657458658846
37153,0.05662543260191352
37155,0.06925407970294979
37157,0.03380023165427817
37159,0.06275451047066898
37161,0.04074355478222044
37163,0.05761292605136545
37165,0.0749690432221335
37167,0.08013565567686387
37169,0.01857682993335633
37171,0.04188970579990917
37173,0.06573561386610054
37175,0.02444414715320657
37177,0.018017804378710565
37179,0.0994059521585969
37181,0.04040556035215434
37183,0.05385830851364781
37185,0.0624509235563441
37187,0.02520477355786552
37189,0.07643423494809796
37191,0.06517503159573858
37193,0.05493207128370232
37195,0.06430523019955517
37197,0.047477817743256163
37199,0.049472992068852285
38001,0.049493347132975346
38003,0.10611916665827638
38005,0.07592232997962262
38009,0.0860231310307977
38011,0.14178812573223334
38015,0.08121245103877577
38017,0.07335397746557264
38019,0.0818096173323563
38021,0.08941672609630438
38025,0.09979526073773505
38027,0.06666491042766348
38029,0.08385735963950855
38031,0.0663672054224532
38033,0.03891990405013639
38035,0.029877865142809545
38037,0.03791865564781206
38039,0.0509039999018082
38041,0.04418746051368373
38043,0.07403962686787097
38045,0.08567774405678294
38047,0.045709877072827594
38049,0.11743715405692712
38051,0.041895929683938654
38053,0.03387017334980101
38055,0.0620493554968929
38057,0.04743044740461452
38059,0.029342500822780664
38061,0.10814238022492054
38063,0.0791012001762935
38065,0.0369190911464293
38067,0.061201631898873184
38069,0.05063321569039328
38071,0.12113079346349678
38073,0.0647739514656285
38075,0.07427702280588651
38077,0.04749633262690587
38079,0.13104312223213233
38081,0.0727310951665859
38083,0.08741931680687169
38085,0.03726950027329024
38087,0.1058959502422587
38089,0.1061236937061563
38091,0.12954434836084855
38093,0.09259076519125907
38095,0.056469293386074565
38097,0.04458489171725534
38099,0.03740388348413867
38101,0.06994009166992853
38103,0.033682195959416225
38105,0.07253287818379149
39001,0.05721640693450282
39003,0.038430179952495806
39005,0.028515314149642517
39007,0.02412030137175078
39009,0.027941755741006165
39011,0.040795503605768224
39013,0.03484541966866319
39015,0.04490849344894803
39017,0.04275333191291408
39019,0.027332251000744632
39021,0.059000167957253914
39023,0.0437716264971422
39025,0.02716988899743837
39027,0.03727744437344461
39029,0.02159564383451357
39031,0.02128492754085571
39033,0.028867927050198066
39037,0.06229335308892653
39039,0.03253867217191439
39041,0.03159468166251347
39043,0.029811901811758093
39045,0.03586589129027934
39047,0.06297462451241202
39049,0.03391009759506668
39051,0.031199635143229303
39053,0.034135701432017405
39055,0.02897787004090963
39057,0.045052733607017975
39059,0.03185696848344589
39061,0.04125544884269822
39063,0.03844836969534699
39065,0.0371520258513627
39067,0.03233439557209125
39069,0.020621395480251298
39071,0.03415414571833322
39073,0.046741745178011274
39075,0.028112539428290218
39077,0.04109634646882762
39079,0.05513064142384657
39081,0.037129349162071335
39083,0.018278052382140805
39087,0.07336038409749476
39089,0.03237101058427084
39091,0.052962456425672766
39093,0.05099219500310519
39095,0.02694804862632963
39097,0.05541088806386016
39099,0.018805944656311663
39101,0.02848907754116735
39103,0.03978304834299848
39105,0.026674210517545677
39107,0.05264534837080628
39109,0.05303678163516509
39111,0.03168769850688135
39113,0.04635862628525769
39115,0.02178618900425662
39117,0.024946479132555644
39119,0.028160359667330066
39121,0.031803379339571884
39123,0.02817985257719268
39125,0.03268436593240666
39127,0.027755125829482766
39129,0.06844067433280329
39131,0.09383790033947434
39133,0.031846499112119404
39135,0.05305159579381866
39137,0.03980421437578191
39139,0.026629068059722708
39141,0.05963078485736572
39143,0.02170760352107431
39145,0.07582831792804492
39147,0.03271331031588173
39149,0.04833787831506196
39151,0.024589535688287235
39153,0.0286663838091596
39155,0.013866312467904303
39157,0.01646509946752593
39159,0.04605261670040642
39161,0.024311740791270867
39163,0.0463082108863553
39165,0.034614629079175174
39167,0.03380799130111124
39169,0.036335340891390906
39171,0.035783756773480176
39173,0.03941348605749492
39175,0.03530389544470647
40007,0.056179140058623935
40013,0.06510655448689526
40015,0.07948218103272986
40017,0.09830864614797598
40023,0.10628703156351871
40025,0.05938215028167754
40027,0.09396822301340582
40035,0.06889575402309848
40039,0.1272468469797886
40045,0.12847211068414546
40049,0.04840312642799415
40051,0.037037894163899104
40053,0.06645634477274366
40061,0.00535095270717187
40063,0.08499847008003186
40069,0.11399857876381483
40071,0.0639348121047562
40079,0.11804921023446185
40081,0.05298693327578771
40085,0.05338244968030341
40087,0.06412059153240059
40089,0.1172705097937376
40091,0.04696106733943595
40093,0.14821882326317531
40095,0.0738378356536399
40097,0.0890635927781361
40101,0.033492652444629116
40105,0.05982302741619265
40107,0.04650022576362654
40109,0.031785158110524514
40111,0.06734156964298636
40113,0.10009710090607538
40115,0.0807336172903973
40117,0.09795476530216832
40121,0.06125046133440945
40123,0.07286147350897616
40125,0.04032280025556144
40131,0.11613336130008423
40135,0.06758825100836291
40139,0.0814880425715612
40145,0.0448095987055983
40147,0.0542876356067625
41001,0.017078008050099923
41005,0.019592032922981607
41019,0.021326809830859304
41043,0.015742778382798403
41045,0.013124064646681689
41047,0.020581115827579006
41049,0.013478363822724325
41053,0.016223644809760542
41059,0.03925721810527637
41067,0.021993072161882215
41071,0.01784646000948545
42001,0.07851724662409
42003,0.03168079612336622
42005,0.04160005128547136
42007,0.011164686164329148
42009,0.0584659520849681
42011,0.04433413208748846
42013,0.051854502638239854
42015,0.023088248321325118
42017,0.043674005883662964
42019,0.03018812871104411
42021,0.043648710441267606
42023,0.04611805721069801
42025,0.05352396752136516
42027,0.06719603451596518
42029,0.03053838694972638
42031,0.040412214705614416
42033,0.040718554136496846
42035,0.050685527643930015
42037,0.038285976177927096
42039,0.008546973593577893
42041,0.04063475474475087
42043,0.05356347514922266
42045,0.05733238925608844
42047,0.015169832996897512
42049,0.009578415271743005
42051,0.028344133379618552
42053,0.028407370756711372
42055,0.05739132994261334
42057,0.0631552961543613
42059,0.032330802761141475
42061,0.0517299419666296
42063,0.03388946925900717
42065,0.038395909671462364
42067,0.05781381629085123
42069,0.01708080618094394
42071,0.03415342688155027
42073,0.026535972531948507
42075,0.0429208044696919
42077,0.03851724683032808
42079,0.04275253031676878
42081,0.03926567514236134
42083,0.03476359851471196
42085,0.016283265517437997
42087,0.04779079671708372
42089,0.06978506146760002
42091,0.037548576965376126
42093,0.050608370486699875
42095,0.041281545765353436
42097,0.023883037501527333
42099,0.04641314962418166
42103,0.053113216482640314
42105,0.03703018255687417
42107,0.05327374849466117
42109,0.0425233208588104
42111,0.049558869357761604
42113,0.038452283244316876
42115,0.03329008589587253
42117,0.054101737479362325
42119,0.04400380092193072
42121,0.01264527603786993
42123,0.0069908078223956515
42125,0.02721520419998422
42127,0.05950455008823237
42129,0.023572796456753885
42131,0.0168404127248691
42133,0.04907729811665505
45001,0.06448461401285475
45003,0.060169654221521714
45005,0.06141723701766117
45007,0.07034787007572213
45009,0.05809157748572803
45011,0.07442270327187217
45013,0.06036465689059144
45015,0.06161773919546779
45017,0.06087564860298007
45019,0.06467716562076811
45021,0.04516204819307718
45023,0.051827613452650266
45025,0.07343090947802276
45027,0.06391335457121901
45029,0.06110370074917062
45031,0.07170978793628795
45033,0.09232048171579266
45035,0.05718992550756729
45037,0.06447935624371115
45039,0.06773145991870232
45041,0.052777761281371766
45043,0.03475766850986279
45045,0.07411591941484731
45047,0.03807104903772268
45049,0.0642968264617962
45051,0.058881448920685905
45053,0.08763373034899025
45055,0.07000570483883754
45057,0.0716865406819054
45059,0.07250650736032438
45061,0.0711873296724501
45063,0.06667584084697846
45065,0.05277990549868855
45067,0.07784793876095154
45069,0.07674577897147213
45071,0.07313374614134724
45073,0.05391916254698325
45075,0.05661829957200214
45077,0.05543646198637027
45079,0.06539492008426126
45081,0.0645146426344316
45083,0.05953068159558108
45085,0.06631637332990896
45087,0.06638227649489978
45089,0.03747441061667053
45091,0.07876296064484938
46003,0.10171324502086547
46005,0.09418920675313333
46007,0.029074847701338124
46009,0.11489673736703038
46011,0.12554401145461008
46013,0.11895581282914981
46015,0.09404392649351866
46017,0.07429781368087042
46019,0.03063984247451946
46021,0.07364831353605106
46023,0.06297554072137453
46025,0.16172431402145224
46027,0.12593704728799593
46029,0.16867642611001232
46031,0.10348032194262849
46033,0.24906208288106124
46035,0.12247022036520813
46037,0.13349145667980852
46039,0.13985389614077717
46041,0.1682303700337836
46043,0.0641219070748767
46045,0.12268447423177395
46047,0.15790680023517434
46049,0.12334292440855925
46051,0.1435553412287662
46053,0.08481514506335748
46055,0.0825313285530612
46057,0.13813599756023542
46059,0.10550859350320028
46061,0.12703137194377961
46063,0.10926071231122758
46065,0.022679619568354167
46067,0.07225606560060929
46069,0.05090339055702389
46071,0.14140439184183148
46073,0.08742148644796874
46075,0.07407101707981441
46077,0.15039055402533733
46079,0.106761279203058
46081,0.14550894916003224
46083,0.09276810143478278
46085,0.040825658152960825
46087,0.11028094580240017
46089,0.03940465316393103
46091,0.1017735412166916
46093,0.053775464084510366
46095,0.022587287066495466
46097,0.1019584389050526
46099,0.08896238713223012
46101,0.08693458223783052
46102,0.07359270795398812
46103,0.08001730992766028
46105,0.1346514496351632
46107,0.10505380774013598
46109,0.11680720065104964
46111,0.11414855949778374
46115,0.07314727450080434
46117,0.041155505481366914
46119,0.0747894987105304
46121,0.06064121680202409
46123,0.06283814969068477
46125,0.09390228052778672
46127,0.09855876245741112
46129,0.07704792337608303
46135,0.08829068643979289
46137,0.07975422826435082
47001,0.04765855149606458
47003,0.0763810067787387
47005,0.052423024460504626
47007,0.055743094517151454
47009,0.057113065277941605
47011,0.058235535185568336
47013,0.049073748748005276
47015,0.06108310969077993
47017,0.09116160010566213
47019,0.04238328789898653
47021,0.07086813280732565
47023,0.06339697643373134
47025,0.036546439221100055
47027,0.09180076022285422
47029,0.058286715513730165
47031,0.07199635640424215
47033,0.10291043336731392
47035,0.05960355592966538
47037,0.06689099052030732
47039,0.06628223564476321
47041,0.09181207351034684
47043,0.07876954561461459
47045,0.08539684471103036
47047,0.1099257321005619
47049,0.062441539944481164
47051,0.07997248194234946
47053,0.09473590766710471
47055,0.08076661706645319
47057,0.037178879602307195
47059,0.05575428171262129
47061,0.09999223287788533
47063,0.04745095841007574
47065,0.07202727263070183
47067,0.02913129082468614
47069,0.10530393268681515
47071,0.06882594455808858
47073,0.0672292265749259
47075,0.10741520794105816
47077,0.0659255538441125
47079,0.0878204793128688
47081,0.0663941545267085
47083,0.06741472058841684
47085,0.06711302251122776
47087,0.06291577327275635
47089,0.04876705334727319
47091,0.016672634638416707
47093,0.0440843132920032
47095,0.021766283981760302
47097,0.08380247989200285
47099,0.045109188380880905
47101,0.07811276376075549
47103,0.06512684515776554
47105,0.08647086928137768
47107,0.055411937510199176
47109,0.0468226785706089
47111,0.0890763286145475
47113,0.10284939739281887
47115,0.07878964441785151
47117,0.07649230218599458
47119,0.04929670385834982
47121,0.04123303874942374
47123,0.046191985729591385
47125,0.09553707147260421
47127,0.0645822161457252
47129,0.060791258350446076
47131,0.0545379430334034
47133,0.07612479589682351
47135,0.0925476211968411
47137,0.0460068642444606
47139,0.047700962697630904
47141,0.0371595336739195
47143,0.049792812520477764
47145,0.043198968730157265
47147,0.08891081053764532
47149,0.08752320075681908
47151,0.0627398183735556
47153,0.0683301422838085
47155,0.04763573726110505
47157,0.06583105207553405
47159,0.0538539979526109
47161,0.05740699709304535
47163,0.06932204491943776
47165,0.06155770292118157
47167,0.08448984321426806
47169,0.05718062512352829
47173,0.040589293299116896
47175,0.06767099757501713
47177,0.08656691604378798
47179,0.0669320683827884
47181,0.0946937714877543
47183,0.06565299819569437
47185,0.056446662058269495
47187,0.09952616830194988
47189,0.06757767912491244
48001,0.12697145018485276
48011,0.03764883757796583
48013,0.059441673964500716
48015,0.06218447317276181
48017,0.026030101779634357
48021,0.0676393084706578
48025,0.05902246167015531
48027,0.10199579435797643
48029,0.026601515285990404
48035,0.08949439084794727
48037,0.031984825330493794
48039,0.026070184354227338
48041,0.048793908776411744
48045,0.06076305412486759
48051,0.08390237959563125
48055,0.11434487227286858
48057,0.04180042361969768
48061,0.00017339258630357754
48065,0.038326393766200784
48069,0.026672272405113672
48085,0.19626752489496177
48089,0.054559814273429215
48091,0.13988087516391048
48099,0.06858807725082527
48111,0.017948261911146613
48113,0.11038467728207393
48117,0.03924881623189735
48121,0.10130993289428827
48123,0.036705276295408665
48131,0.076839317936384
48139,0.09528739995728924
48145,0.12731752581783323
48147,0.08118982455121371
48149,0.04882063805966404
48153,0.057254743255465305
48157,0.11781059238219817
48163,0.03535232843785386
48171,0.16248044798651745
48175,0.0275803063017334
48177,0.06753261883764436
48179,0.015209127661794341
48181,0.07257292757070732
48185,0.07084342045018661
48187,0.04980009208867916
48189,0.03895969671379211
48193,0.07113745372602127
48195,0.032296794972542044
48201,0.10783380794533375
48205,0.030314636229697087
48209,0.06629117118012921
48215,0.02933023783515939
48217,0.11740614166264599
48225,0.10657679059560557
48231,0.08737470258655317
48233,0.05549749780318834
48239,0.051400929134435495
48249,0.04587979392525891
48251,0.10987714829690637
48255,0.03875986285610881
48257,0.07201826834551804
48273,0.1311155993143376
48277,0.09791926839910114
48279,0.038568270873547555
48285,0.06786533619209068
48287,0.13316015857835997
48293,0.07109274647803906
48295,0.034821186358941644
48297,0.08922241219220975
48303,0.0575150181911199
48309,0.07097511004687629
48321,0.03616270973962647
48325,0.02983439625415743
48331,0.09360803348015044
48341,0.01566888907788531
48349,0.1547101729949632
48355,0.045422548181734176
48357,0.04441029745143027
48369,0.022583361466797132
48381,0.03176954547577933
48387,0.07643170593276903
48391,0.003988303614412275
48395,0.06737426064522836
48409,0.038020894566858726
48421,0.036039802906617124
48427,0.030336147557144907
48437,0.0445965568756549
48453,0.08293371188040567
48463,0.027509428854717216
48469,0.05544931400102779
48473,0.12734707371563578
48477,0.04179244539463657
48481,0.0516503496417426
48489,0.03278035364754433
48491,0.0936000438152713
48493,0.05418871444834676
48507,0.03411030895802959
49003,0.03288568055759402
49005,0.015802586053922183
49011,0.026839553778759725
49013,0.03616404246870598
49015,0.02068891354995433
49021,0.01741833041738454
49023,0.10036224804528973
49027,0.020778280952255302
49035,0.01463459804763811
49041,0.05271501059811788
49047,0.10829910091580179
49049,0.040609529491795256
49057,0.019482829443551654
51001,0.04775036075234786
51003,0.05117694105445407
51005,0.027122675097048216
51007,0.06014694494085944
51009,0.06175441150874893
51011,0.07241191352648742
51015,0.06539602492118272
51017,0.04814237646604956
51019,0.054732955613547844
51021,0.07199068358487312
51023,0.06138030968497456
51025,0.04882766425756396
51027,0.01252572963981496
51029,0.08033441551671558
51031,0.05635371437552796
51033,0.06395415821447575
51035,0.0725286431314409
51036,0.04053445448374594
51037,0.05017088821123397
51041,0.04813713004079853
51043,0.026799013386127328
51045,0.06917904925814375
51047,0.050888464052293844
51049,0.06312364013196455
51051,0.008857200791285292
51053,0.05181896676110188
51057,0.05350036961249221
51059,0.05019554001332196
51061,0.04521483574262699
51063,0.08140133418650497
51065,0.03875556101198283
51067,0.043458889910697476
51069,0.045560647478090154
51071,0.09924259551583142
51073,0.04562277646623015
51075,0.051322108001797706
51077,0.038340631943944
51079,0.05822472227584853
51081,0.055152398619672936
51083,0.07904932138608704
51085,0.046184632693996815
51087,0.041264029320734814
51089,0.028924074416206223
51091,0.057112220462773935
51093,0.04770118481346268
51095,0.05584326550076944
51097,0.0587370148576801
51099,0.05183903401249898
51101,0.049694193543247736
51103,0.04858081348527709
51105,0.058930834946852466
51107,0.049528139491125424
51109,0.04949384869578946
51111,0.05989869024183852
51113,0.032016901006645705
51115,0.04825260931220081
51117,0.06974345140613075
51119,0.050934239961091324
51121,0.06988395141831015
51125,0.05364652950792636
51127,0.053825892634008554
51131,0.04836195898126846
51133,0.04871848618154164
51135,0.06981715811463811
51137,0.044305638045824984
51139,0.07190382164525327
51141,0.03105522818433157
51143,0.05279108904240577
51145,0.04622216804994324
51147,0.059844236806596285
51149,0.045919783858835106
51153,0.036693630519474864
51155,0.08092804763686519
51157,0.048526197788817574
51159,0.049301193800333376
51161,0.04328597736413848
51163,0.03090243172809419
51165,0.06111964293125894
51167,0.05193414542412461
51169,0.08443080548160158
51171,0.07070867219126452
51173,0.03223268276473283
51175,0.03931806845889389
51177,0.05078781824824767
51179,0.052770371416951886
51181,0.04012193893097642
51183,0.06315860645631462
51185,0.021220761286236185
51187,0.03577420922910887
51191,0.024851046947149798
51193,0.054107896478159216
51195,0.05150715454641643
51197,0.04238026367466077
51550,0.027690509853862157
51800,0.04546613517839297
51810,0.031165379105681502
53001,0.0678638714931819
53005,0.22636913218109378
53021,0.014175070345011543
53025,0.032945207690407194
53037,0.010151776746083687
53071,0.021317758969535434
53077,0.014489798643953116
54001,0.004211986919003352
54003,0.041094203583774955
54007,0.03640967121222937
54009,0.03220609097354693
54011,0.05093776518827306
54013,0.025014943335861697
54017,0.023092737007951253
54019,0.009719671182496736
54021,0.02104331824235358
54023,0.036071127712884996
54025,0.046051749114741025
54027,0.05814920296485876
54031,0.03348810725195135
54035,0.04673831745981191
54037,0.0340982191627725
54041,0.0006733310841849522
54043,0.05202339444450418
54051,0.024938506991751527
54053,0.07532716056741495
54055,0.02534832111198307
54057,0.030448044450842184
54061,0.025790249154879576
54063,0.06621100341933163
54065,0.04038219821684044
54067,0.035117186089220404
54069,0.03978595681081214
54071,0.03619308604908862
54073,0.01837950501586381
54075,0.035278856730305265
54077,0.035255910609584454
54079,0.049973238782484795
54083,0.042011891375260166
54085,0.024093621672635568
54087,0.002738090020624811
54089,0.011790625053466067
54091,0.005659883935512285
54093,0.002770844267125283
54095,0.037050083197404056
54097,0.023750971676689412
54099,0.04283603970374791
54103,0.025813385884858594
54105,0.03423252606142491
54107,0.023305404129681333
55001,0.06885183347708661
55003,0.10102202772765796
55005,0.07615751068594559
55007,0.08463739856614581
55009,0.07333022472402256
55011,0.06656330826285235
55013,0.04429060642578936
55015,0.07655893971921154
55017,0.06821233635862792
55019,0.08573354033384048
55021,0.07527039317918768
55023,0.04601132113309621
55025,0.07192870880309946
55027,0.054108699035024674
55029,0.03674521185125803
55031,0.08629583184894857
55033,0.07644436996850176
55035,0.04147510236410956
55037,0.06167444477752938
55039,0.06644113957999856
55041,0.06770140999601204
55043,0.04755575807829482
55045,0.04612206675331912
55047,0.07210846654814937
55049,0.05179983019524832
55053,0.07037675367547298
55055,0.04943033836870515
55057,0.07689512830929818
55059,0.05537497397596315
55061,0.04597834886689599
55063,0.04276654150857171
55065,0.03522588222144579
55067,0.027023924055549455
55069,0.07888429756169614
55071,0.03654913984916125
55073,0.043254027107197376
55075,0.04953650786367208
55077,0.0706129892995403
55079,0.04145915585548021
55081,0.06712872751932296
55083,0.0440855895390947
55087,0.06672287395610249
55089,0.05076638527674573
55091,0.04667634442958703
55093,0.07392449202419252
55095,0.06893886616925497
55097,0.05091260270122998
55099,0.149288817111548
55101,0.04533685455372735
55103,0.05371159899590376
55105,0.03550671785297993
55107,0.06524823276361673
55109,0.08441252113036637
55111,0.05481564064516805
55113,0.052343357160781576
55115,0.04547602005693206
55117,0.045405034485024344
55119,0.07798075312309746
55121,0.06837062265747534
55123,0.05193718209592519
55127,0.042137117463506624
55129,0.08282082033051197
55131,0.04839906029472772
55133,0.035520094316294354
55135,0.05138397416552028
55137,0.07461726357157916
55139,0.07840704250233743
55141,0.05743032473318229
56003,0.029718347762650754
56009,0.04366890464146479
56013,0.057032541232793
56015,0.1583589769865024
56017,0.028262554514849814
56021,0.017020174197159676
56025,0.006736119860336651
56029,0.022115740135756123
56031,0.16809806987502926
56043,0.12333547528436019
