GEOID,gmfd_sd,gmfd_mad,gmfd_min
01001,0.9341,0.5127999999999999,0.02629999999999999
01003,0.9901,0.9859,0.18789999999999996
01005,0.8172,0.6043000000000001,0.05709999999999993
01009,0.40759999999999996,0.4556,0.8865999999999999
01011,0.8991,0.6519999999999999,0.07889999999999997
01013,0.9247,0.825,0.274
01015,0.6427,0.24149999999999994,0.42589999999999995
01019,0.6084,0.31599999999999995,0.3526
01021,0.9332,0.5928,0.04139999999999999
01023,0.8981,0.8895,0.1926
01025,0.942,0.8432,0.10339999999999994
01027,0.8501,0.5818,0.1622
01029,0.8992,0.7048,0.2714
01031,0.8995,0.8777,0.1604
01033,0.37670000000000003,0.20850000000000002,0.8979
01035,0.9828,0.8553999999999999,0.2229
01039,0.9624,0.9213,0.24349999999999994
01041,0.9372,0.64,0.44889999999999997
01043,0.5254,0.16379999999999995,0.7664
01045,0.8975,0.8552,0.2985
01047,0.9539,0.5437000000000001,0.04409999999999992
01049,0.7486999999999999,0.2869999999999999,0.4022
01051,0.9362,0.7021,0.11059999999999992
01053,0.9753000000000001,0.9077,0.1965
01055,0.6231,0.5767,0.43499999999999994
01057,0.5363,0.18989999999999996,0.756
01059,0.5526,0.11619999999999997,0.7422
01061,0.9357,0.8309,0.09909999999999997
01063,0.9173,0.5727,0.08660000000000001
01065,0.9178,0.7090000000000001,0.2389
01067,0.7578,0.7214,0.17009999999999992
01069,0.7725,0.7556,0.19589999999999996
01071,0.774,0.31989999999999996,0.5347999999999999
01073,0.3427,0.04369999999999996,0.5975999999999999
01075,0.478,0.06699999999999995,0.7155
01077,0.49929999999999997,0.19179999999999997,0.8038000000000001
01079,0.5410999999999999,0.39579999999999993,0.7413000000000001
01081,0.9514,0.6917,0.12469999999999992
01083,0.8704000000000001,0.6013999999999999,0.10259999999999991
01085,0.9322,0.5884,0.025399999999999978
01087,0.9487,0.8477,0.08360000000000001
01089,0.6841999999999999,0.47429999999999994,0.4478
01091,0.8873,0.8124,0.15779999999999994
01093,0.5588,0.1966,0.7308
01095,0.6578999999999999,0.2239,0.4548
01097,0.9999,0.988,0.024399999999999977
01101,0.8441000000000001,0.2734,0.08429999999999993
01103,0.8017,0.6101,0.2724
01105,0.945,0.49629999999999996,0.0837
01107,0.7352000000000001,0.20529999999999993,0.2933
01109,0.8772,0.9028,0.16489999999999994
01111,0.9448,0.7785,0.12149999999999994
01113,0.8854,0.5173,0.02629999999999999
01115,0.6931,0.7617,0.5668
01117,0.8565,0.8543000000000001,0.12329999999999997
01119,0.8183,0.27479999999999993,0.1361
01121,0.7872,0.7814,0.2822
01123,0.9632,0.9424,0.11409999999999998
01125,0.6990000000000001,0.51,0.644
01127,0.609,0.2006,0.5639000000000001
01129,0.9933,0.9882,0.06169999999999998
01131,0.9653,0.8628,0.07629999999999992
01133,0.5626,0.376,0.7232000000000001
04003,0.7130000000000001,0.4454,0.20289999999999997
04009,0.9726,0.875,0.7037
04013,0.7256,0.6779,0.7283
04021,0.8517,0.5662,0.6105
04025,0.9188,0.8210999999999999,0.5428999999999999
04027,0.014100000000000001,0.014100000000000001,0.9077999999999999
05001,0.8869,0.7513,0.5053
05003,0.29889999999999994,0.31179999999999997,0.7794
05007,0.9454,0.8379,0.5849
05013,0.8446,0.5273,0.513
05017,0.5045999999999999,0.27759999999999996,0.7461
05019,0.36539999999999995,0.1079,0.838
05021,0.808,0.9831,0.6573
05023,0.5928,0.28559999999999997,0.8824
05029,0.5634,0.5206999999999999,0.8668
05031,0.6091,0.4274,0.8021
05033,0.37059999999999993,0.22949999999999993,0.865
05035,0.6978,0.9218999999999999,0.8906
05037,0.3050999999999999,0.42289999999999994,0.9158999999999999
05041,0.37359999999999993,0.4605,0.8293
05043,0.42899999999999994,0.18189999999999995,0.8021
05045,0.40859999999999996,0.4658,0.907
05055,0.6028,0.6826,0.7928
05057,0.5085999999999999,0.5877,0.5350999999999999
05063,0.7324999999999999,0.6091,0.8483
05067,0.7912,0.42489999999999994,0.7529
05069,0.32019999999999993,0.34119999999999995,0.8093
05073,0.37939999999999996,0.24919999999999998,0.5779
05075,0.2919999999999999,0.1542,0.8811
05077,0.39569999999999994,0.5292,0.9017
05079,0.2471,0.23299999999999998,0.8747
05081,0.8674,0.9285,0.10959999999999992
05083,0.1866,0.15249999999999997,0.9906
05085,0.8328,0.487,0.29399999999999993
05091,0.48260000000000003,0.26769999999999994,0.37829999999999997
05093,0.6816,0.9224,0.8271999999999999
05095,0.8793,0.6835,0.396
05099,0.3679,0.3577,0.7746999999999999
05103,0.7482,0.5094,0.5507
05107,0.12559999999999993,0.23129999999999995,0.9719
05111,0.6959,0.41899999999999993,0.737
05115,0.3578,0.5933999999999999,0.999
05117,0.12159999999999993,0.09499999999999997,0.9349
05119,0.8914,0.7471,0.36
05121,0.2481,0.2994,0.9265
05123,0.1987,0.5368999999999999,0.9629
05145,0.7010000000000001,0.349,0.7774
05147,0.7957,0.7351,0.7158
05149,0.5208999999999999,0.6799999999999999,0.7645
06005,0.945,0.9044,0.08339999999999992
06007,0.02210000000000001,0.0756,0.7571
06011,0.012899999999999912,0.25759999999999994,0.9529
06013,0.006900000000000017,0.006699999999999928,0.9945
06019,0.0,0.01629999999999998,0.9812
06021,0.0,0.03639999999999999,0.9998
06025,0.01200000000000001,0.005499999999999949,0.7495
06029,0.11419999999999997,0.031299999999999994,0.45699999999999996
06031,0.06879999999999997,0.007699999999999929,0.882
06039,0.12549999999999994,0.5113,0.6286
06047,0.03399999999999992,0.07179999999999997,0.7776000000000001
06053,0.02299999999999991,0.5450999999999999,1.0
06065,0.4216,0.26049999999999995,0.5366
06067,0.09509999999999996,0.27479999999999993,0.8696
06077,0.49129999999999996,0.24139999999999995,0.378
06095,0.0,0.21219999999999994,1.0
06099,0.16169999999999995,0.4058999999999999,0.8462000000000001
06101,0.0030000000000000027,0.8681,0.9895
06103,9.999999999998899e-05,0.10289999999999999,0.9761
06107,0.2066,0.3195,0.41400000000000003
06113,0.00019999999999997797,0.5566,0.9999
06115,0.09079999999999999,0.6954,1.0
08001,0.18519999999999992,0.006099999999999994,0.34439999999999993
08005,0.9054,0.6738999999999999,0.36519999999999997
08009,0.9963,0.9051,0.04189999999999994
08011,0.9959,0.992,0.2791
08013,0.4437,0.06479999999999997,0.8049999999999999
08017,0.9915,0.8621,0.251
08025,0.9753000000000001,0.9831,0.1996
08029,0.9705,0.5934999999999999,0.3812
08039,0.5652999999999999,0.61,0.9189
08041,0.78,0.9415,0.2542
08045,0.030200000000000005,0.02429999999999999,0.876
08061,0.9867,0.9483,0.12719999999999998
08063,0.46229999999999993,0.26749999999999996,0.33999999999999997
08067,0.49729999999999996,0.43179999999999996,0.05179999999999996
08069,0.866,0.8969,0.8742
08071,0.9516,0.9519,0.32489999999999997
08073,0.8234,0.20939999999999992,0.13059999999999994
08075,0.9921,0.6863,0.006099999999999994
08077,0.6901999999999999,0.8912,0.5262
08083,0.9377,1.0,0.5478000000000001
08085,0.9045,0.9938,0.24819999999999998
08087,0.9289,0.9779,0.1301
08089,0.9566,0.9798,0.6206
08095,0.9095,0.7385999999999999,0.08099999999999996
08099,0.9964,0.8477,0.040899999999999936
08101,0.8375,0.9054,0.8404
08115,0.9415,0.8905,0.13449999999999995
08121,0.9529,0.6426000000000001,0.06119999999999992
08123,0.9527,0.9238999999999999,0.3004
08125,0.9477,0.7437,0.23439999999999994
10001,0.12819999999999998,0.1844,0.45740000000000003
10003,0.12319999999999998,0.5716,0.6279
10005,0.21819999999999995,0.6129,0.3438
12001,1.0,0.9976,0.04059999999999997
12003,1.0,0.9955,0.07250000000000001
12007,1.0,0.9901,0.01539999999999997
12013,0.8938,0.2673,0.07589999999999997
12023,0.9959,0.8839,0.011799999999999922
12029,1.0,0.9769,0.27169999999999994
12031,0.9091,0.9021,0.5575
12033,0.9913,0.8864,0.14800000000000002
12039,0.9133,0.6237999999999999,0.17409999999999992
12041,1.0,0.9625,0.0022999999999999687
12047,0.9977,0.8385,0.03189999999999993
12059,0.6909000000000001,0.07929999999999993,0.2197
12063,0.49670000000000003,0.6632,0.6515
12065,0.9819,0.9706,0.3337
12067,0.9943,0.8163,0.4062
12073,0.9413,0.9279999999999999,0.3378
12075,0.9989,1.0,0.11159999999999992
12079,0.9924,0.9983,0.24929999999999997
12083,1.0,0.9996,0.0005999999999999339
12089,0.9987,0.8036,0.16999999999999993
12091,0.9929,0.9803,0.07789999999999997
12107,1.0,0.9899,0.16089999999999993
12109,0.9999,0.9738,0.04149999999999998
12113,0.9921,0.8755999999999999,0.04689999999999994
12121,0.9999,0.9488,0.06779999999999997
12123,0.999,0.9558,0.23770000000000002
12125,0.999,0.893,0.14439999999999997
12131,0.9532,0.9932,0.2187
12133,0.8148,0.8162,0.20839999999999992
13001,0.7353000000000001,0.8531,0.23239999999999994
13003,0.9405,0.9646,0.07329999999999992
13005,0.9488,0.9842,0.09670000000000001
13007,0.8406,0.5912999999999999,0.19440000000000002
13009,0.481,0.9299999999999999,0.4778
13011,0.5912,0.24849999999999994,0.4717
13013,0.1572,0.023699999999999943,0.4829
13015,0.5229999999999999,0.26259999999999994,0.25529999999999997
13017,0.7992,0.8617,0.06779999999999997
13019,0.9493,0.9854,0.08879999999999999
13021,0.6780999999999999,0.49449999999999994,0.1885
13023,0.5903,0.7093,0.15949999999999998
13025,0.9249,0.9925,0.24449999999999994
13027,0.9837,0.9838,0.12280000000000002
13029,0.8232,0.4575,0.24929999999999997
13031,0.5803,0.7717,0.26059999999999994
13033,0.6494,0.5507,0.17879999999999996
13035,0.3060999999999999,0.5261,0.33509999999999995
13037,0.6284000000000001,0.3631,0.17209999999999992
13039,0.8228,0.6852,0.236
13043,0.5088999999999999,0.7114,0.3282999999999999
13045,0.7804,0.6537,0.1058
13047,0.5841000000000001,0.7067,0.5455
13049,0.8924,0.9659,0.12180000000000002
13051,0.9978,0.7492,0.010599999999999943
13055,0.5327999999999999,0.3972,0.30269999999999997
13057,0.5296000000000001,0.43809999999999993,0.3131999999999999
13059,0.4466,0.6396,0.3879
13061,0.8719,0.892,0.3077
13063,0.6491,0.23019999999999996,0.43720000000000003
13065,0.9529,0.9788,0.04239999999999999
13069,0.9241,0.9847,0.057599999999999985
13071,0.9166,0.8973,0.2117
13073,0.4003,0.7247,0.3671
13075,0.9555,0.9629,0.13969999999999994
13077,0.9069,0.8455,0.09599999999999997
13079,0.7169,0.35939999999999994,0.2642
13081,0.5550999999999999,0.5475,0.14589999999999992
13083,0.6955,0.36329999999999996,0.45809999999999995
13085,0.6612,0.4094,0.3427
13087,0.8182,0.5784,0.19929999999999992
13091,0.7059,0.6113999999999999,0.11070000000000002
13093,0.6158,0.2902,0.33819999999999995
13095,0.7074,0.6291,0.2531
13097,0.8677,0.3225,0.369
13099,0.7371,0.37849999999999995,0.10099999999999998
13101,0.9843,0.9971,0.11399999999999999
13103,0.8176,0.4054,0.12129999999999996
13105,0.5335,0.8097,0.5327
13107,0.6816,0.7382,0.18389999999999995
13109,0.5397000000000001,0.7282,0.39549999999999996
13111,0.8668,0.8446,0.31989999999999996
13113,0.7323,0.6456999999999999,0.2738999999999999
13115,0.46099999999999997,0.28059999999999996,0.25749999999999995
13117,0.5811999999999999,0.5252,0.22199999999999998
13119,0.7093,0.46919999999999995,0.2721
13121,0.6211,0.2589,0.17420000000000002
13123,0.9375,0.7045,0.6958
13125,0.2833,0.0484,0.2808999999999999
13129,0.7143999999999999,0.2811,0.646
13131,0.889,0.7199,0.22260000000000002
13133,0.6002000000000001,0.9049,0.29869999999999997
13135,0.27279999999999993,0.07979999999999998,0.4403
13137,0.8948,0.5376,0.1331
13139,0.3721,0.3669,0.3325
13141,0.24570000000000003,0.4334,0.41700000000000004
13143,0.7502,0.21409999999999996,0.25559999999999994
13145,0.8268,0.6559999999999999,0.07079999999999997
13147,0.25639999999999996,0.24339999999999995,0.34209999999999996
13149,0.967,0.6259,0.07550000000000001
13151,0.38269999999999993,0.4374,0.30820000000000003
13153,0.5992999999999999,0.5444,0.15349999999999997
13155,0.8608,0.8874,0.06659999999999999
13157,0.3074,0.41279999999999994,0.4859
13159,0.27449999999999997,0.30079999999999996,0.4675
13161,0.8134,0.7062999999999999,0.25259999999999994
13163,0.7355,0.8929,0.24869999999999992
13165,0.6462,0.8341000000000001,0.19719999999999993
13167,0.49460000000000004,0.36349999999999993,0.15999999999999992
13169,0.4225,0.39180000000000004,0.4123
13171,0.5821000000000001,0.5490999999999999,0.23299999999999998
13173,0.9512,0.961,0.08229999999999993
13175,0.6581,0.6374,0.11859999999999993
13177,0.6239,0.5192,0.15499999999999992
13179,0.9545,0.9717,0.08539999999999992
13181,0.3601,0.5716,0.48739999999999994
13183,0.7829,0.813,0.16199999999999992
13185,0.9946,0.9961,0.137
13187,0.8246,0.6187,0.28069999999999995
13189,0.30189999999999995,0.13979999999999992,0.3254
13193,0.487,0.45819999999999994,0.3154
13195,0.41389999999999993,0.2662,0.35329999999999995
13197,0.763,0.9364,0.04469999999999996
13199,0.8743,0.11449999999999994,0.04189999999999994
13201,0.34329999999999994,0.24059999999999993,0.7744
13205,0.8317,0.8807,0.2975
13207,0.6297999999999999,0.56,0.23249999999999993
13209,0.6819999999999999,0.39690000000000003,0.11639999999999995
13211,0.22970000000000002,0.5799,0.47339999999999993
13213,0.5675,0.3739,0.3741
13217,0.1442,0.044499999999999984,0.477
13219,0.3156,0.5640000000000001,0.40989999999999993
13221,0.5517,0.6398999999999999,0.2815
13223,0.6208,0.6407,0.14659999999999995
13225,0.6888000000000001,0.5883,0.1684
13227,0.6233,0.4142,0.3436
13229,0.9155,0.9618,0.16389999999999993
13231,0.8121,0.8411,0.15449999999999997
13233,0.6777,0.44299999999999995,0.3345
13235,0.5195,0.31609999999999994,0.22619999999999996
13237,0.2702,0.05609999999999993,0.3833
13239,0.8445,0.9367,0.19519999999999993
13241,0.7936,0.35329999999999995,0.3768
13243,0.6658,0.3921,0.10139999999999993
13245,0.5193,0.8006,0.28659999999999997
13247,0.22849999999999993,0.5157,0.4699
13249,0.7336,0.3651,0.08350000000000002
13251,0.8386,0.8254,0.16059999999999997
13253,0.19679999999999997,0.10870000000000002,0.8896
13255,0.687,0.7129,0.24209999999999998
13257,0.47750000000000004,0.4538,0.2299
13259,0.5897,0.7344999999999999,0.2126
13261,0.7543,0.5105,0.47009999999999996
13263,0.8779,0.7391,0.1402
13265,0.6354,0.24259999999999993,0.20839999999999992
13267,0.5805,0.8371,0.34709999999999996
13269,0.7488,0.49770000000000003,0.16909999999999992
13271,0.8787,0.7025,0.0363
13273,0.6373,0.5127999999999999,0.12890000000000001
13275,0.9666,0.9341,0.2945
13277,0.6969000000000001,0.5699000000000001,0.14200000000000002
13279,0.6711,0.4104,0.1674
13281,0.30279999999999996,0.25249999999999995,0.27559999999999996
13283,0.5161,0.15749999999999997,0.26069999999999993
13285,0.9034,0.6095999999999999,0.1462
13287,0.6849000000000001,0.5646,0.1563
13289,0.5487,0.4274,0.2572
13291,0.5134,0.15449999999999997,0.49929999999999997
13293,0.7702,0.4599,0.14049999999999996
13295,0.5817,0.33109999999999995,0.41269999999999996
13297,0.15759999999999996,0.22609999999999997,0.5789
13299,0.9477,0.8904,0.18399999999999994
13301,0.24570000000000003,0.5318,0.4031
13303,0.46199999999999997,0.41169999999999995,0.32530000000000003
13305,0.9318,0.982,0.16410000000000002
13307,0.5159,0.5383,0.18789999999999996
13309,0.8273,0.9024,0.07019999999999993
13311,0.7727999999999999,0.28259999999999996,0.09989999999999999
13313,0.5296000000000001,0.6515,0.6599999999999999
13315,0.6543,0.3447,0.07419999999999993
13317,0.2924,0.33909999999999996,0.36729999999999996
13319,0.36139999999999994,0.37770000000000004,0.2751
13321,0.6768000000000001,0.601,0.1683
16001,0.9682999999999999,0.5425,0.04299999999999993
16027,0.4828,0.1291,0.34309999999999996
16031,0.12309999999999999,0.05109999999999992,0.39579999999999993
16039,0.9996,0.8338,0.006799999999999917
16041,0.9991,0.985,0.031100000000000017
16045,0.7902,0.6569,0.03859999999999997
16047,0.6397999999999999,0.10870000000000002,0.41359999999999997
16053,0.9991,0.9301,0.0045999999999999375
16063,0.5481,0.26949999999999996,0.33119999999999994
16073,0.8339,0.7343,0.22399999999999998
16075,0.03749999999999998,0.027699999999999947,0.4538
16083,0.9999,0.9729,0.013799999999999923
16087,0.6009,0.4918,0.42999999999999994
17001,0.01649999999999996,0.3964,0.9522
17003,0.8109999999999999,0.9435,0.7063999999999999
17005,0.35919999999999996,0.943,0.6249
17007,0.026100000000000012,0.006099999999999994,0.9762
17009,0.015499999999999958,0.706,0.9774
17011,0.0474,0.10249999999999992,0.9545
17013,0.14659999999999995,0.911,0.7972
17015,0.011399999999999966,0.0040000000000000036,0.9688
17017,0.07129999999999992,0.3228,0.8824
17019,0.027899999999999925,0.9448,0.9978
17021,0.11419999999999997,0.8182,0.7694
17023,0.22260000000000002,0.4729,0.8483
17025,0.4544,0.8585,0.5576
17027,0.34219999999999995,0.9283,0.7021999999999999
17029,0.1885,0.9551,0.8886
17031,0.0,0.013699999999999934,1.0
17033,0.239,0.8464,0.8075
17035,0.26759999999999995,0.7212000000000001,0.8127
17037,0.031399999999999983,0.05669999999999997,0.9531
17039,0.007199999999999984,0.7263,0.9812
17041,0.06769999999999998,0.786,0.9103
17043,0.00029999999999996696,0.0877,1.0
17045,0.15300000000000002,0.5896,0.9163
17047,0.4314,0.49629999999999996,0.4575
17049,0.29979999999999996,0.9379,0.77
17051,0.2923,0.8852,0.6275999999999999
17053,0.0,0.8961,1.0
17055,0.5166999999999999,0.9907,0.6329
17057,0.0015999999999999348,0.3066,0.9999
17059,0.4598,0.5393,0.6958
17061,0.16049999999999998,0.5718,0.8047
17063,9.999999999998899e-05,0.4403,1.0
17065,0.38239999999999996,0.5519000000000001,0.6826
17067,0.011699999999999933,0.29979999999999996,0.9611
17069,0.69,0.779,0.5502
17071,0.0013999999999999568,0.10559999999999992,1.0
17073,0.00019999999999997797,0.007000000000000006,1.0
17075,9.999999999998899e-05,0.8269,1.0
17077,0.9353,0.9835,0.5166
17079,0.44399999999999995,0.8821,0.7106
17081,0.6209,0.996,0.5242
17083,0.14189999999999992,0.9722,0.8043
17085,0.0010000000000000009,0.03489999999999993,1.0
17087,0.9148,0.9104,0.5186999999999999
17089,0.08419999999999994,0.8582,0.9132
17091,0.005299999999999971,0.7775,1.0
17093,0.0,0.19340000000000002,1.0
17095,0.00039999999999995595,0.10539999999999994,1.0
17097,0.20699999999999996,0.19679999999999997,0.8147
17099,9.999999999998899e-05,0.32589999999999997,1.0
17101,0.37129999999999996,0.5729,0.6443
17103,0.05359999999999998,0.04409999999999992,0.9543
17105,0.00019999999999997797,0.5590999999999999,1.0
17107,0.047699999999999965,0.7906,0.9514
17109,0.0039000000000000146,0.1896,0.9964
17111,0.09049999999999991,0.06889999999999996,0.9044
17113,0.0020000000000000018,0.7735,1.0
17115,0.036599999999999966,0.7494000000000001,0.8628
17117,0.21089999999999998,0.9227,0.7823
17119,0.24349999999999994,0.8229,0.7434000000000001
17121,0.33829999999999993,0.9638,0.6234
17123,0.0,0.13459999999999994,1.0
17125,0.014699999999999935,0.5901000000000001,0.9490999999999999
17127,0.6233,0.9263,0.748
17129,0.08389999999999997,0.9460999999999999,0.9239999999999999
17131,0.0014999999999999458,0.1251,1.0
17133,0.5783,0.9031,0.7497
17135,0.24629999999999996,0.9006,0.7489
17137,0.11919999999999997,0.39369999999999994,0.8397
17139,0.13569999999999993,0.96,0.8745
17141,0.009099999999999997,0.006399999999999961,0.9653
17143,0.0004999999999999449,0.19009999999999994,1.0
17145,0.7101999999999999,0.9999,0.6541
17147,0.01639999999999997,0.6456,0.9133
17149,0.07119999999999993,0.48229999999999995,0.8678
17151,0.5510999999999999,0.7905,0.6646
17153,0.5474,0.748,0.7015
17155,0.006000000000000005,0.23129999999999995,0.9799
17157,0.5146,0.8972,0.8458
17159,0.5007999999999999,0.7988,0.6102
17161,0.0010999999999999899,0.022499999999999964,1.0
17163,0.25639999999999996,0.6357999999999999,0.8036
17165,0.5813999999999999,0.9061,0.5975999999999999
17167,0.07889999999999997,0.7339,0.8124
17169,0.017199999999999993,0.32330000000000003,0.9653
17171,0.14879999999999993,0.3346,0.832
17173,0.26849999999999996,0.9875,0.8260000000000001
17175,0.0,0.17999999999999994,1.0
17177,0.00039999999999995595,0.0030000000000000027,1.0
17179,0.006000000000000005,0.3782,0.9848
17181,0.9345,0.9296,0.5299
17183,0.033499999999999974,0.9615,1.0
17185,0.3266,0.6264000000000001,0.5346
17187,0.0010999999999999899,0.11559999999999993,1.0
17189,0.4599,0.9948,0.7498
17191,0.4194,0.8583000000000001,0.4384
17193,0.3294,0.3649,0.6891
17195,0.05730000000000002,0.06379999999999997,0.9516
17197,0.0,0.1824,1.0
17199,0.7362,0.9754,0.5811999999999999
17201,0.0012999999999999678,0.0005999999999999339,1.0
17203,0.0004999999999999449,0.4375,1.0
18001,0.02079999999999993,0.23060000000000003,1.0
18003,0.0041999999999999815,0.35539999999999994,1.0
18005,0.3356,0.5202,0.7385999999999999
18007,0.0014999999999999458,0.8102,1.0
18009,0.015699999999999936,0.26769999999999994,1.0
18011,0.14029999999999998,0.9733,1.0
18013,0.24549999999999994,0.7329,0.7594
18015,0.009000000000000008,0.6406000000000001,1.0
18017,0.0033999999999999586,0.33640000000000003,1.0
18019,0.5884,0.44020000000000004,0.5803
18021,0.3133,0.5733999999999999,0.7209
18023,0.04169999999999996,0.7292000000000001,1.0
18025,0.5641,0.7786,0.40900000000000003
18027,0.2025,0.4074,0.7549
18029,0.24070000000000003,0.6937,0.6888000000000001
18031,0.379,0.47739999999999994,0.6623
18033,0.012199999999999989,0.2409,1.0
18035,0.022499999999999964,0.46719999999999995,0.9985
18037,0.37329999999999997,0.7325999999999999,0.4982
18039,0.4101,0.46299999999999997,0.6925
18041,0.19779999999999998,0.35119999999999996,0.8441000000000001
18043,0.8405,0.7091000000000001,0.20009999999999994
18045,0.09849999999999992,0.9874,1.0
18047,0.2673,0.3619,0.6968
18049,0.0004999999999999449,0.12459999999999993,1.0
18051,0.2026,0.1372,0.7534
18053,0.0040999999999999925,0.5031,1.0
18055,0.34429999999999994,0.3216,0.6974
18057,0.04509999999999992,0.526,1.0
18059,0.07689999999999997,0.5758,0.9982
18061,0.6797,0.5330999999999999,0.38849999999999996
18063,0.19140000000000001,0.9158,0.9654
18065,0.07719999999999994,0.30569999999999997,0.9182
18067,0.006399999999999961,0.44189999999999996,1.0
18069,0.006799999999999917,0.33499999999999996,1.0
18071,0.39769999999999994,0.7237,0.6894
18073,0.0,0.1491,1.0
18075,0.04039999999999999,0.0827,0.9869
18077,0.5772999999999999,0.7795,0.646
18079,0.5621,0.6038,0.5711999999999999
18081,0.20640000000000003,0.5077,0.8488
18083,0.20389999999999997,0.47639999999999993,0.7010000000000001
18085,0.008499999999999952,0.43609999999999993,1.0
18087,0.6215999999999999,0.6886,0.40700000000000003
18089,0.0020999999999999908,0.7542,1.0
18091,0.0,0.020299999999999985,1.0
18093,0.4578,0.7787999999999999,0.6145
18095,0.020399999999999974,0.3255,1.0
18097,0.12919999999999998,0.6652,0.9539
18099,0.0005999999999999339,0.17579999999999996,1.0
18101,0.35919999999999996,0.36460000000000004,0.5564
18103,0.0025999999999999357,0.5764,1.0
18105,0.49739999999999995,0.9804,0.7203999999999999
18107,0.12209999999999999,0.9528,1.0
18109,0.21119999999999994,0.9874,0.8365
18111,0.0,0.40789999999999993,1.0
18113,0.35109999999999997,0.5255,0.9577
18115,0.24859999999999993,0.6025,0.6868000000000001
18117,0.602,0.5575,0.4927
18119,0.4917,0.6548,0.6729
18121,0.3054,0.8869,0.8273
18123,0.7024,0.774,0.36939999999999995
18125,0.2479,0.8230999999999999,0.6836
18127,0.007900000000000018,0.17899999999999994,1.0
18129,0.18169999999999997,0.1321,0.7453000000000001
18131,0.0010000000000000009,0.0958,1.0
18133,0.15179999999999993,0.9661,0.8524
18135,0.040999999999999925,0.21229999999999993,0.9656
18137,0.5062,0.36139999999999994,0.48329999999999995
18139,0.13390000000000002,0.5733999999999999,0.8889
18141,9.999999999998899e-05,0.12739999999999996,1.0
18143,0.5601,0.611,0.7801
18145,0.21150000000000002,0.3922,0.868
18147,0.31489999999999996,0.6579999999999999,0.5088999999999999
18149,0.012799999999999923,0.08509999999999995,1.0
18151,0.28289999999999993,0.8401000000000001,0.9882
18153,0.19399999999999995,0.3458,0.7841
18155,0.2911,0.6889000000000001,0.6588
18157,0.021299999999999986,0.9184,1.0
18159,0.008599999999999941,0.20729999999999993,1.0
18161,0.2471,0.18359999999999999,0.7925
18163,0.21289999999999998,0.23519999999999996,0.796
18165,0.1795,0.8163,0.9198
18167,0.2885,0.1844,0.7178
18169,0.0019000000000000128,0.37070000000000003,1.0
18171,0.03539999999999999,0.9871,1.0
18173,0.27659999999999996,0.19999999999999996,0.586
18175,0.45499999999999996,0.3306,0.6468
18177,0.135,0.07350000000000001,0.8973
18179,0.013599999999999945,0.2339,1.0
18181,0.0029000000000000137,0.5245,1.0
18183,0.04279999999999995,0.19309999999999994,1.0
19001,0.014899999999999913,0.538,0.9519
19003,0.035499999999999976,0.636,0.8844
19005,0.055499999999999994,0.26069999999999993,0.9505
19007,0.006099999999999994,0.619,0.9898
19009,0.22209999999999996,0.1412,0.7736000000000001
19011,0.0005999999999999339,0.007099999999999995,1.0
19013,0.0013999999999999568,0.3629,1.0
19015,0.0030999999999999917,0.09660000000000002,0.9996
19017,0.014100000000000001,0.6201,0.9941
19019,0.0534,0.2952,0.9497
19021,0.5123,0.255,0.49039999999999995
19023,0.014699999999999935,0.8033,0.9524
19025,0.5772999999999999,0.8551,0.6875
19027,0.6779,0.15569999999999995,0.5569999999999999
19029,0.12739999999999996,0.4595,0.9012
19031,0.00039999999999995595,0.024799999999999933,1.0
19033,0.14159999999999995,0.7125,0.7493000000000001
19035,0.7367,0.939,0.3397
19037,0.0047999999999999154,0.04420000000000002,1.0
19039,0.0015999999999999348,0.7952,0.9812
19041,0.42379999999999995,0.2899999999999999,0.6933
19043,0.0037999999999999146,0.015199999999999991,1.0
19045,0.01100000000000001,0.010299999999999976,1.0
19047,0.6286,0.07069999999999999,0.20829999999999993
19049,0.016000000000000014,0.08319999999999994,0.9621
19051,0.0025999999999999357,0.49970000000000003,0.9992
19053,0.012199999999999989,0.8644000000000001,0.9857
19055,0.02529999999999999,0.14200000000000002,0.9531
19057,0.0020000000000000018,0.16469999999999996,1.0
19059,0.39149999999999996,0.5047999999999999,0.8632
19061,0.0014999999999999458,0.2005,1.0
19063,0.26449999999999996,0.5094,0.9123
19065,0.030899999999999928,0.036799999999999944,0.9529
19067,0.0009000000000000119,0.09649999999999992,1.0
19069,0.07329999999999992,0.9778,0.9077
19071,0.38659999999999994,0.22349999999999992,0.5117
19073,0.17459999999999998,0.27949999999999997,0.8221
19075,0.00029999999999996696,0.5218,1.0
19077,0.11229999999999996,0.13169999999999993,0.8881
19079,0.011599999999999944,0.26539999999999997,0.957
19081,0.2724,0.8222,0.7839
19083,0.0025999999999999357,0.3365,1.0
19085,0.4225,0.04409999999999992,0.7036
19087,0.013000000000000012,0.2526999999999999,0.953
19089,9.999999999998899e-05,0.00979999999999992,1.0
19091,0.1652,0.6426000000000001,0.8518
19093,0.6161,0.8485,0.48019999999999996
19095,0.0,0.02749999999999997,1.0
19097,0.0041999999999999815,0.014399999999999968,1.0
19099,0.0,0.11609999999999998,1.0
19101,0.015000000000000013,0.48429999999999995,0.9511
19103,0.0022999999999999687,0.03539999999999999,1.0
19105,0.008199999999999985,0.007900000000000018,0.9907
19107,0.00029999999999996696,0.041200000000000014,1.0
19109,0.13990000000000002,0.7994,0.9218
19111,0.013699999999999934,0.21709999999999996,0.9737
19113,0.0012999999999999678,0.005900000000000016,1.0
19115,0.0029000000000000137,0.24819999999999998,1.0
19117,0.0017999999999999128,0.5321,0.9829
19119,0.11669999999999991,0.17259999999999998,0.6890000000000001
19121,0.0005999999999999339,0.07389999999999997,1.0
19123,0.00029999999999996696,0.5549,1.0
19125,0.0,0.010499999999999954,0.9776
19127,0.0,0.06729999999999992,1.0
19129,0.366,0.7106,0.5306
19131,0.0,0.0695,1.0
19133,0.6342,0.39249999999999996,0.3628
19135,0.01079999999999992,0.9837,0.9440999999999999
19137,0.13939999999999997,0.4728,0.7994
19139,0.0005999999999999339,0.047599999999999976,1.0
19141,0.6912,0.9049,0.5567
19143,0.2522,0.07479999999999998,0.8464
19145,0.15679999999999994,0.3861,0.8604
19147,0.25159999999999993,0.5257000000000001,0.8967
19149,0.3658,0.43899999999999995,0.42689999999999995
19151,0.40889999999999993,0.3701,0.7099
19153,0.0,0.09499999999999997,0.9999
19155,0.4083,0.11449999999999994,0.6617999999999999
19157,0.0,0.044300000000000006,1.0
19159,0.016699999999999937,0.4928,0.9395
19161,0.5752999999999999,0.40969999999999995,0.3657
19163,0.0006999999999999229,0.0020000000000000018,1.0
19165,0.39490000000000003,0.03169999999999995,0.7159
19167,0.5095000000000001,0.5712999999999999,0.5078
19169,0.0,0.1371,1.0
19171,0.0,0.22449999999999992,1.0
19173,0.038899999999999935,0.38239999999999996,0.8212
19175,0.008199999999999985,0.41700000000000004,0.997
19177,0.0014999999999999458,0.0927,0.9719
19179,0.0019000000000000128,0.7133,0.9938
19181,0.0,0.03479999999999994,0.9994
19183,0.021599999999999953,0.19330000000000003,0.9541
19185,0.056499999999999995,0.96,0.8864
19187,0.09860000000000002,0.8432999999999999,0.9129
19189,0.2808999999999999,0.6159,0.7298
19191,0.0010000000000000009,0.03169999999999995,1.0
19193,0.5226999999999999,0.4989,0.4073
19195,0.07850000000000001,0.4365,0.8246
19197,0.1169,0.995,0.9124
20001,0.8944,0.9158,0.9065
20003,0.24229999999999996,0.28279999999999994,0.9813
20005,0.2653,0.24949999999999994,0.8657
20007,1.0,0.9761,0.01100000000000001
20009,0.838,0.4978,0.39490000000000003
20011,0.5664,0.6627000000000001,0.9898
20013,0.39259999999999995,0.6383,0.7964
20015,0.7863,0.6583,0.862
20017,0.2914,0.7925,0.9958
20019,0.7896,0.5602,0.735
20021,0.9649,0.9171,0.6301
20023,0.14439999999999997,0.0706,0.756
20025,0.9988,0.9043,0.04930000000000001
20027,0.6508,0.5938,0.5751999999999999
20029,0.4204,0.3822,0.7392000000000001
20031,0.21229999999999993,0.3224,0.9854
20033,0.999,1.0,0.132
20035,0.9439,0.9295,0.7269
20037,0.8388,0.7853,0.9311
20039,0.8160000000000001,0.6133,0.7258
20041,0.8867,0.8576,0.5314
20043,0.35309999999999997,0.5654,0.7953
20045,0.19289999999999996,0.09029999999999994,0.8865
20047,1.0,0.9483,0.006900000000000017
20049,0.9788,0.7954,0.6961999999999999
20051,0.5584,0.3043,0.5931
20053,0.7672,0.6281,0.7203999999999999
20055,0.9994,0.9068,0.021399999999999975
20057,0.05840000000000001,0.06729999999999992,0.8443
20059,0.33240000000000003,0.4719,0.9085
20061,0.46029999999999993,0.7522,0.8766
20063,0.8118,0.7452,0.17679999999999996
20065,0.8005,0.908,0.7491
20067,0.9769,0.7261,0.04239999999999999
20069,0.7146,0.3802,0.38149999999999995
20071,0.9808,0.8424,0.25859999999999994
20073,0.6496999999999999,0.8112,0.903
20075,0.3448,0.2821,0.5453
20077,0.9865,0.9997,0.16699999999999993
20079,0.96,0.999,0.272
20081,0.7157,0.29399999999999993,0.3768
20083,0.1673,0.16610000000000003,0.5967
20085,0.13139999999999996,0.10119999999999996,0.901
20087,0.1634,0.08629999999999993,0.9065
20089,0.7946,0.9901,0.5219
20091,0.34009999999999996,0.3639,0.9055
20093,0.14259999999999995,0.08009999999999995,0.8064
20095,0.9987,0.9978,0.17049999999999998
20097,0.9999,0.9979,0.014000000000000012
20099,0.7958000000000001,0.8175,0.8378
20101,0.8654,0.8758,0.5211
20103,0.26459999999999995,0.10809999999999997,0.8268
20105,0.8852,0.9498,0.24270000000000003
20107,0.38780000000000003,0.6542,0.9964
20109,0.9241,0.4887,0.17320000000000002
20111,0.06040000000000001,0.10670000000000002,0.9854
20113,0.24270000000000003,0.46029999999999993,0.9400999999999999
20115,0.7945,0.9709,0.9023
20117,0.3929,0.1895,0.7533
20119,0.7352000000000001,0.2318,0.5703
20121,0.3778,0.49859999999999993,0.9487
20123,0.6597999999999999,0.36349999999999993,0.5640000000000001
20125,0.6212,0.7082999999999999,0.832
20127,0.42189999999999994,0.6796,0.9846
20129,0.9979,0.7079,0.01979999999999993
20131,0.2358,0.21950000000000003,0.8057
20133,0.7392000000000001,0.8542000000000001,0.9852
20135,0.8185,0.6234999999999999,0.46950000000000003
20137,0.9254,0.5346,0.9709
20139,0.08429999999999993,0.14139999999999997,0.9929
20141,0.37629999999999997,0.5648,0.7396
20143,0.864,0.7639,0.6241
20145,0.7553,0.2714,0.2964
20147,0.871,0.9287,0.5485
20149,0.33409999999999995,0.017299999999999982,0.7804
20151,0.9997,0.9972,0.10849999999999993
20153,0.9354,0.8291999999999999,0.4115
20155,0.9971,0.9936,0.025399999999999978
20157,0.2218,0.02859999999999996,0.7924
20159,0.9007,0.6965,0.2993
20161,0.4928,0.38280000000000003,0.8295
20163,0.9095,0.9972,0.21909999999999996
20165,0.6051,0.17079999999999995,0.3587
20167,0.8174,0.48660000000000003,0.27859999999999996
20169,0.5869,0.5238,0.853
20171,0.9236,0.9117999999999999,0.12480000000000002
20173,0.9921,0.9979,0.31220000000000003
20175,0.0031999999999999806,0.15469999999999995,0.9977
20177,0.23119999999999996,0.10209999999999997,0.9276
20179,0.9876,0.9852,0.5303
20181,0.6831,0.5992,0.27149999999999996
20183,0.7971,0.5185,0.20950000000000002
20185,0.992,0.986,0.0978
20187,0.9712,0.8795999999999999,0.1683
20189,0.47109999999999996,0.18799999999999994,0.5717
20191,0.9918,0.9651,0.19640000000000002
20193,0.8404,0.46740000000000004,0.11319999999999997
20195,0.789,0.7827,0.18669999999999998
20197,0.4425,0.12009999999999998,0.7569
20199,0.6864,0.5742,0.4821
20201,0.4132,0.4796,0.5876
20203,0.9565,0.8435,0.13849999999999996
20205,0.7843,0.5688,0.8492999999999999
20207,0.6052,0.8027,0.9413
20209,0.47729999999999995,0.40290000000000004,0.8286
21001,0.8644000000000001,0.6267,0.18199999999999994
21003,0.9128,0.8934,0.1431
21005,0.5848,0.30079999999999996,0.5450999999999999
21007,0.8073,0.9794,0.7101
21009,0.9328,0.7944,0.15000000000000002
21011,0.5526,0.43589999999999995,0.47909999999999997
21015,0.33129999999999993,0.7803,0.6958
21017,0.6407,0.5589999999999999,0.4235
21019,0.9991,0.9523,0.012499999999999956
21021,0.9108,0.8822,0.14129999999999998
21023,0.5370999999999999,0.5776,0.7676000000000001
21025,0.9956,0.9669,0.05149999999999999
21027,0.6832,0.41059999999999997,0.38480000000000003
21029,0.5989,0.40159999999999996,0.5919
21031,0.6524,0.42379999999999995,0.6835
21033,0.8878,0.9768,0.3164
21035,0.8991,0.9147,0.6144000000000001
21037,0.46799999999999997,0.655,0.6418999999999999
21039,0.905,0.9936,0.6689
21041,0.3237,0.5422,0.6063000000000001
21043,0.9652,0.619,0.14339999999999997
21045,0.913,0.8074,0.15539999999999998
21047,0.8972,0.9962,0.20540000000000003
21049,0.7979,0.6,0.35819999999999996
21051,0.7176,0.6924,0.3256
21053,0.8741,0.9454,0.3247
21055,0.8591,0.9704,0.488
21057,0.897,0.925,0.35729999999999995
21059,0.43789999999999996,0.16820000000000002,0.3045
21061,0.9503,0.3156,0.17049999999999998
21063,0.45609999999999995,0.6301,0.38680000000000003
21065,0.9954,0.9818,0.01859999999999995
21067,0.7171000000000001,0.567,0.39339999999999997
21069,0.5650999999999999,0.7363999999999999,0.4324
21071,0.9963,0.9107,0.05359999999999998
21073,0.5545,0.25149999999999995,0.5323
21075,0.877,0.9673,0.6065
21077,0.6007,0.3238,0.4585
21079,0.6597,0.8078,0.352
21081,0.2985,0.44079999999999997,0.7021
21083,0.9152,0.9621999999999999,0.6159
21085,0.9387,0.5502,0.1693
21087,0.9267,0.6764,0.20750000000000002
21089,0.967,0.8716,0.17299999999999993
21091,0.32009999999999994,0.47019999999999995,0.6326
21093,0.825,0.4909,0.2642
21097,0.6921999999999999,0.4769,0.3429
21099,0.9494,0.44719999999999993,0.21829999999999994
21101,0.36519999999999997,0.14539999999999997,0.6865
21103,0.47439999999999993,0.5901000000000001,0.5823
21105,0.9168,0.9802,0.6289
21107,0.6823,0.6573,0.5298
21109,0.7461,0.7761,0.34739999999999993
21111,0.6881999999999999,0.44430000000000003,0.38649999999999995
21113,0.7291,0.5064,0.3285
21115,0.9019,0.9195,0.1261
21117,0.2657999999999999,0.35660000000000003,0.7542
21119,0.9648,0.7739,0.059799999999999964
21121,0.8672,0.24880000000000002,0.18059999999999998
21123,0.8813,0.5062,0.27859999999999996
21125,0.9017,0.6346,0.21189999999999998
21127,0.7899,0.7589,0.3919
21129,0.8202,0.8439,0.34539999999999993
21135,0.994,0.6032,0.033299999999999996
21137,0.8434,0.5654,0.20789999999999997
21139,0.9356,0.9845,0.4091
21141,0.898,0.8271,0.22009999999999996
21143,0.815,0.9877,0.5021
21145,0.8543000000000001,0.9885,0.7512
21147,0.9087,0.6744,0.12759999999999994
21149,0.47409999999999997,0.12059999999999993,0.4899
21151,0.9122,0.7967,0.1774
21153,0.7753,0.5241,0.34719999999999995
21155,0.8636,0.7033,0.28869999999999996
21157,0.9093,0.8792,0.577
21161,0.9082,0.5336,0.133
21163,0.7604,0.4385,0.25239999999999996
21165,0.9694,0.9152,0.11739999999999995
21167,0.6828000000000001,0.32330000000000003,0.36239999999999994
21169,0.933,0.9017,0.32699999999999996
21171,0.9616,0.9255,0.28859999999999997
21173,0.7882,0.7554,0.3993
21175,0.6944,0.7189,0.2733
21177,0.9613,0.8663000000000001,0.1915
21179,0.6970000000000001,0.3853,0.5085
21181,0.7819,0.44909999999999994,0.3327
21183,0.8237,0.253,0.2602
21185,0.6191,0.4244,0.4456
21187,0.6906,0.27149999999999996,0.36129999999999995
21189,0.9400999999999999,0.9315,0.24409999999999998
21191,0.40549999999999997,0.24769999999999992,0.6840999999999999
21197,0.8562000000000001,0.7121,0.38869999999999993
21199,0.7741,0.5537,0.18589999999999995
21201,0.4788,0.33099999999999996,0.6523
21203,0.9778,0.7161,0.09149999999999991
21205,0.8331999999999999,0.7666999999999999,0.49639999999999995
21207,0.9107,0.6424,0.2944
21209,0.5740000000000001,0.32999999999999996,0.4466
21211,0.5581,0.6161,0.5191
21213,0.8892,0.8987,0.35229999999999995
21215,0.7374,0.30069999999999997,0.49129999999999996
21217,0.9107,0.6538999999999999,0.15079999999999993
21219,0.9264,0.7156,0.22109999999999996
21221,0.8238,0.868,0.4184
21223,0.517,0.8115,0.6412
21225,0.478,0.25029999999999997,0.6993
21227,0.8889,0.6695,0.21809999999999996
21229,0.7784,0.5395,0.39349999999999996
21231,0.8385,0.8123,0.27879999999999994
21233,0.5102,0.30789999999999995,0.719
21235,0.9306,0.9314,0.2801
21237,0.6743,0.30779999999999996,0.38780000000000003
21239,0.5844,0.19879999999999998,0.5296000000000001
22001,0.9108,0.7027,0.1511
22003,0.9778,0.7415,0.1845
22005,0.9973,0.9314,0.04269999999999996
22009,0.9964,0.9276,0.1371
22011,0.8716,0.9732,0.1543
22013,0.8482000000000001,0.7972,0.41589999999999994
22015,0.9515,0.538,0.18209999999999993
22017,0.9668,0.7284999999999999,0.17149999999999999
22021,0.9927,0.6581,0.03199999999999992
22025,0.9897,0.8815999999999999,0.19440000000000002
22027,0.953,0.9002,0.10619999999999996
22029,0.9942,0.8831,0.12819999999999998
22031,0.8141,0.4485,0.010399999999999965
22033,0.9913,0.9868,0.1552
22035,0.43809999999999993,0.6755,0.8799
22037,0.9513,0.8452999999999999,0.4284
22039,0.9838,0.7867,0.09529999999999994
22041,0.9707,0.9627,0.37139999999999995
22043,0.9874,0.8578,0.17149999999999999
22045,0.9999,1.0,0.008399999999999963
22047,0.9993,0.9808,0.08009999999999995
22055,0.9412,0.8779,0.11959999999999993
22057,0.7633,0.4989,0.6051
22063,0.9962,0.9608,0.056599999999999984
22065,0.7902,0.7643,0.6235999999999999
22067,0.9508,0.9128,0.24059999999999993
22069,0.9842,0.9849,0.19929999999999992
22073,0.9815,0.745,0.24139999999999995
22077,0.9891,0.6631,0.16259999999999997
22079,0.9969,0.8879,0.029999999999999916
22081,0.8648,0.3519,0.40959999999999996
22083,0.9492,0.5949,0.4034
22091,0.9938,0.9158,0.14559999999999995
22097,0.9991,0.9303,0.013299999999999979
22099,0.9942,0.9938,0.07519999999999993
22103,0.9637,0.7051000000000001,0.18319999999999992
22105,0.9420999999999999,0.9068,0.663
22107,0.8947,0.958,0.4226
22111,0.9921,0.8443,0.060799999999999965
22113,0.8923,0.6053999999999999,0.3951
22117,0.979,0.9677,0.43689999999999996
22121,0.9984,0.9742999999999999,0.03469999999999995
22123,0.9211,0.9279999999999999,0.2862
22125,0.9486,0.8833,0.28869999999999996
24001,0.3208,0.4082,0.6233
24003,0.257,0.20689999999999997,0.4979
24005,0.10939999999999994,0.32299999999999995,0.5760000000000001
24009,0.10289999999999999,0.2269,0.36539999999999995
24011,0.12449999999999994,0.14469999999999994,0.5252
24013,0.06889999999999996,0.48719999999999997,0.8555
24015,0.2622,0.2509,0.39339999999999997
24017,0.19689999999999996,0.1573,0.34650000000000003
24019,0.6127,0.6435,0.22829999999999995
24021,0.11759999999999993,0.30389999999999995,0.8486
24023,0.10099999999999998,0.010000000000000009,0.8859
24025,0.1854,0.32999999999999996,0.48009999999999997
24027,0.11959999999999993,0.29469999999999996,0.7355
24029,0.23099999999999998,0.26569999999999994,0.44630000000000003
24031,0.12949999999999995,0.6593,0.7567
24033,0.2037,0.07229999999999992,0.49060000000000004
24035,0.21319999999999995,0.17420000000000002,0.40759999999999996
24037,0.3103,0.2647999999999999,0.29179999999999995
24039,0.43799999999999994,0.5922000000000001,0.258
24041,0.4468,0.5313,0.3429
24043,0.07569999999999999,0.043200000000000016,0.8793
24045,0.2531,0.48539999999999994,0.2924
24047,0.4618,0.41979999999999995,0.2558
26001,0.808,0.8894,0.013899999999999912
26005,0.005599999999999938,0.32330000000000003,0.9819
26007,0.6658,0.4343,0.3873
26009,0.6087,0.33119999999999994,0.6324000000000001
26011,0.9221,0.964,0.20599999999999996
26015,0.026599999999999957,0.40679999999999994,0.9619
26017,0.25249999999999995,0.5505,0.3711
26019,0.8483,0.9346,0.24049999999999994
26021,0.013899999999999912,0.11959999999999993,0.9788
26023,0.012499999999999956,0.6504,1.0
26025,0.06769999999999998,0.6663,0.9994
26027,0.5357000000000001,0.838,0.9427
26029,0.4172,0.7493000000000001,0.9974
26031,0.4545,0.9435,0.6961999999999999
26035,0.6982999999999999,0.7222999999999999,0.6576
26037,0.12249999999999994,0.13769999999999993,0.8572
26041,0.8966,0.9822,0.27369999999999994
26043,0.8140000000000001,0.9407,0.46640000000000004
26045,0.0029000000000000137,0.06709999999999994,0.997
26047,0.6766,0.7251000000000001,0.7615000000000001
26049,0.024899999999999922,0.17759999999999998,0.8664000000000001
26051,0.9536,0.9334,0.22929999999999995
26055,0.03499999999999992,0.5145,0.9985
26057,0.37639999999999996,0.2762,0.6797
26059,0.01200000000000001,0.9682,1.0
26063,0.8417,0.7555000000000001,0.133
26065,0.0007999999999999119,0.14259999999999995,0.9999
26067,0.11409999999999998,0.13590000000000002,0.9149
26069,0.6663,0.389,0.49570000000000003
26073,0.4385,0.5591999999999999,0.7218
26075,0.008599999999999941,0.6087,1.0
26077,0.8506,0.7706999999999999,0.8112
26079,0.38,0.7921,0.7067
26081,0.18289999999999995,0.29910000000000003,0.8444
26085,0.09509999999999996,0.4062,0.8721
26087,0.3631,0.9994,0.6101
26089,9.999999999998899e-05,0.008000000000000007,0.9537
26091,0.026100000000000012,0.2581,0.9999
26093,0.0021999999999999797,0.5591999999999999,0.9981
26099,0.05349999999999999,0.8961,0.9248
26101,0.3681,0.6248,0.7017
26105,0.5116,0.671,0.7071000000000001
26107,0.5701,0.8601,0.7917000000000001
26109,0.872,0.9308,0.39549999999999996
26111,0.6652,0.5691999999999999,0.32530000000000003
26113,0.6573,0.3509,0.5108999999999999
26115,0.20089999999999997,0.16449999999999998,0.9288
26117,0.36829999999999996,0.6135999999999999,0.6162
26119,0.9578,0.8778,0.016100000000000003
26121,0.6188,0.9108,0.34029999999999994
26123,0.4444,0.8674999999999999,0.5785
26125,0.09739999999999993,0.8964,0.8183
26127,0.3478,0.381,0.5862
26129,0.3062,0.44179999999999997,0.5209999999999999
26133,0.7177,0.6667000000000001,0.47729999999999995
26135,0.0,0.0,1.0
26137,0.9693,0.9514,0.014599999999999946
26139,0.13219999999999998,0.6245,0.8214
26141,0.776,0.29159999999999997,0.7334
26145,0.7047,0.6752,0.23329999999999995
26147,0.12329999999999997,0.8805,0.7981
26149,0.7529,0.8827,0.42410000000000003
26151,0.6152,0.9688,0.24409999999999998
26155,0.00019999999999997797,0.04809999999999992,1.0
26157,0.6438999999999999,0.40069999999999995,0.18930000000000002
26159,0.04379999999999995,0.2146,0.9561999999999999
26161,0.29369999999999996,0.3003,0.6743
26163,0.050899999999999945,0.6254,0.9997
26165,0.009699999999999931,0.22960000000000003,0.9926
27001,0.2551,0.35429999999999995,0.8341000000000001
27003,0.0006999999999999229,0.11929999999999996,1.0
27005,0.731,0.48150000000000004,0.2983
27007,0.5685,0.21960000000000002,0.41700000000000004
27009,0.5550999999999999,0.6846,0.5281
27011,0.14179999999999993,0.04809999999999992,0.8664000000000001
27013,0.0017999999999999128,0.20499999999999996,0.9966
27015,0.13859999999999995,0.12929999999999997,0.8553999999999999
27017,0.9819,0.8887,0.1774
27019,0.0006999999999999229,0.0363,1.0
27021,0.546,0.5327999999999999,0.14189999999999992
27023,0.03820000000000001,0.24280000000000002,0.8248
27025,0.0006999999999999229,0.20739999999999992,1.0
27027,0.8133,0.2632,0.27369999999999994
27029,0.4888,0.36060000000000003,0.33999999999999997
27033,0.6512,0.8161,0.6348
27035,0.006399999999999961,0.055199999999999916,0.9883
27037,0.0009000000000000119,0.017100000000000004,1.0
27039,0.04749999999999999,0.13059999999999994,0.8244
27041,0.35150000000000003,0.39149999999999996,0.5728
27043,0.054300000000000015,0.4054,0.9997
27045,0.006000000000000005,0.2667999999999999,0.9947
27047,0.008099999999999996,0.37439999999999996,1.0
27049,0.0040000000000000036,0.3215,0.9697
27051,0.4494,0.09670000000000001,0.4528
27053,0.0012999999999999678,0.2248,1.0
27055,0.0685,0.3961,0.9438
27057,0.5697,0.5690999999999999,0.2378
27059,0.010599999999999943,0.10570000000000002,0.9597
27061,0.15459999999999996,0.22429999999999994,0.9072
27063,0.5773999999999999,0.7549,0.7295
27065,0.020199999999999996,0.021100000000000008,0.9015
27067,0.4095,0.3055,0.6078
27069,0.242,0.4546,0.5897
27073,0.009299999999999975,0.04189999999999994,0.999
27079,0.0,0.08219999999999994,1.0
27081,0.21439999999999992,0.38769999999999993,0.7134
27083,0.08099999999999996,0.38159999999999994,0.8028
27085,0.08979999999999999,0.059599999999999986,0.7862
27087,0.8224,0.3076,0.12439999999999996
27089,0.40149999999999997,0.7839,0.4105
27091,0.3841,0.7797000000000001,0.7939
27093,0.17289999999999994,0.4275,0.8904
27095,0.024799999999999933,0.9008,0.979
27097,0.1965,0.6898,0.8230999999999999
27099,0.0016999999999999238,0.058599999999999985,0.9995
27101,0.3238,0.2702,0.7826
27103,0.00019999999999997797,0.03809999999999991,1.0
27105,0.31909999999999994,0.6211,0.8039000000000001
27107,0.8793,0.5004,0.19840000000000002
27109,0.0021999999999999797,0.4998,0.9984
27111,0.536,0.36019999999999996,0.5728
27113,0.28659999999999997,0.5721,0.8499
27115,0.0,0.09770000000000001,1.0
27117,0.0676,0.5509,0.896
27119,0.19289999999999996,0.6597999999999999,0.7037
27121,0.28669999999999995,0.2923,0.5666
27123,0.3277,0.3195,0.6286
27125,0.3183,0.6915,0.777
27127,0.34829999999999994,0.49729999999999996,0.5847
27129,0.15639999999999998,0.3016,0.8094
27131,0.005699999999999927,0.1865,1.0
27133,0.06599999999999995,0.25429999999999997,0.8343
27135,0.0928,0.027200000000000002,0.7275
27139,0.006599999999999939,0.08239999999999992,0.9799
27141,0.0029000000000000137,0.1572,0.9669
27143,0.021599999999999953,0.1139,0.9251
27145,0.04599999999999993,0.13590000000000002,0.9365
27147,0.04949999999999999,0.11270000000000002,0.9360999999999999
27149,0.2983,0.46919999999999995,0.6761999999999999
27151,0.22049999999999992,0.23299999999999998,0.6025
27153,0.633,0.027999999999999914,0.06579999999999997
27155,0.1259,0.05469999999999997,0.8455
27157,0.033399999999999985,0.48029999999999995,0.9513
27159,0.22509999999999997,0.05679999999999996,0.5054
27161,0.0037999999999999146,0.621,0.9902
27163,0.0,0.0027999999999999137,1.0
27165,0.19289999999999996,0.5186,0.7611
27167,0.4252,0.6314,0.6435
27169,0.04530000000000001,0.3023,0.9555
27171,0.0010999999999999899,0.17909999999999993,1.0
27173,0.021499999999999964,0.10570000000000002,0.8388
28001,0.9849,0.7875,0.272
28003,0.2593,0.9283,0.9941
28005,0.903,0.5576,0.6940999999999999
28007,0.4101,0.12659999999999993,0.8117
28009,0.719,0.945,0.8642
28011,0.995,0.9103,0.03159999999999996
28013,0.49570000000000003,0.41100000000000003,0.8495
28015,0.8474,0.4324,0.5158
28017,0.4669,0.6199,0.8240000000000001
28019,0.6976,0.29669999999999996,0.5038
28021,0.9762,0.898,0.31709999999999994
28023,0.6125,0.48050000000000004,0.517
28025,0.2573,0.4467,0.9213
28027,0.9967,0.667,0.00869999999999993
28029,0.7948,0.2521,0.645
28031,0.9624,0.5803,0.03059999999999996
28033,0.9104,0.6972,0.7261
28035,0.9279,0.4376,0.05109999999999992
28037,0.948,0.4363,0.40900000000000003
28039,0.9971,0.9103,0.03249999999999997
28041,0.9658,0.7816,0.4599
28043,0.36039999999999994,0.3849,0.8452999999999999
28045,0.9445,0.8075,0.3669
28047,0.9993,0.9884,0.03720000000000001
28049,0.9222,0.40449999999999997,0.5199
28051,0.12949999999999995,0.10739999999999994,0.9519
28053,0.9405,0.9242,0.49129999999999996
28055,0.3669,0.37170000000000003,0.7488
28057,0.27190000000000003,0.8384,0.9583
28059,0.9987,0.9774,0.03649999999999998
28061,0.9604,0.5114,0.06130000000000002
28063,0.98,0.6638999999999999,0.3043
28065,0.9851,0.7835,0.022699999999999942
28067,0.958,0.49119999999999997,0.20379999999999998
28069,0.8869,0.8643000000000001,0.30799999999999994
28071,0.9381,0.9213,0.3042
28073,0.9702,0.6747000000000001,0.27049999999999996
28075,0.663,0.5816,0.5033
28077,0.9722,0.7978000000000001,0.06469999999999998
28079,0.9389,0.7714,0.23659999999999992
28081,0.5304,0.7876,0.8912
28083,0.9501,0.7505999999999999,0.4466
28085,0.606,0.42889999999999995,0.8382000000000001
28087,0.8593999999999999,0.5987,0.27549999999999997
28089,0.30899999999999994,0.19889999999999997,0.9316
28091,0.8635,0.484,0.6972
28093,0.6471,0.8639,0.9007
28095,0.4041,0.31779999999999997,0.8975
28097,0.09429999999999994,0.034399999999999986,0.9976
28099,0.8887,0.733,0.24670000000000003
28101,0.9358,0.723,0.09219999999999995
28103,0.6123000000000001,0.45940000000000003,0.5726
28105,0.4907,0.2931,0.8222
28107,0.7162,0.7802,0.6608
28109,0.9711,0.8716,0.5513
28111,0.9301,0.4837,0.27049999999999996
28113,0.9516,0.6413,0.28579999999999994
28115,0.5531999999999999,0.6343,0.7778
28117,0.6008,0.9363,0.8559
28119,0.9578,0.7409,0.09949999999999992
28121,0.6532,0.3648,0.7888
28123,0.7136,0.41889999999999994,0.5408999999999999
28125,0.8544,0.9761,0.46919999999999995
28127,0.903,0.2549,0.27479999999999993
28129,0.8403,0.42579999999999996,0.4435
28131,0.9942,0.8889,0.17199999999999993
28133,0.5655,0.7494000000000001,0.8068
28135,0.7731,0.47329999999999994,0.6537999999999999
28137,0.8517,0.8706,0.7323999999999999
28139,0.5158,0.9356,0.9525
28141,0.39549999999999996,0.7907,0.9478
28143,0.9728,0.7772,0.31509999999999994
28145,0.3801,0.8658,0.9935
28147,0.8737,0.6262,0.612
28149,0.6128,0.9259999999999999,0.5917
28151,0.9552,0.5572999999999999,0.1765
28153,0.9734,0.5549999999999999,0.14749999999999996
28155,0.4403,0.11719999999999997,0.944
28157,0.9828,0.7715,0.3154
28159,0.8200000000000001,0.4839,0.32219999999999993
28161,0.05989999999999995,0.5934999999999999,0.9998
28163,0.7649,0.6326,0.7035
29001,0.012899999999999912,0.29369999999999996,0.9832
29003,0.10849999999999993,0.38549999999999995,0.8432999999999999
29005,0.23449999999999993,0.3476,0.9309
29007,0.2903,0.9319999999999999,0.8853
29009,0.7651,0.9756,0.9465
29011,0.6800999999999999,0.8071,0.9505
29013,0.23719999999999997,0.35929999999999995,0.9995
29015,0.2522,0.6002000000000001,1.0
29017,0.8196,0.9838,0.8207
29019,0.2502,0.9081,0.9886
29021,0.28059999999999996,0.19809999999999994,0.829
29023,0.6106,0.7422,0.8728
29025,0.21039999999999992,0.8337,0.9246
29027,0.3235,0.9256,0.949
29029,0.4989,0.7993,0.9999
29031,0.7758,0.9789,0.7094
29033,0.1995,0.8604,0.9948
29035,0.6231,0.8676,0.9338
29037,0.25049999999999994,0.23060000000000003,0.9754
29039,0.5931,0.9853,0.9613
29041,0.13939999999999997,0.5253,0.9993
29043,0.8170999999999999,0.9652,0.9529
29045,0.006099999999999994,0.1703,0.9738
29047,0.3176,0.2339,0.902
29049,0.2649,0.4,0.8847
29051,0.17399999999999993,0.6351,0.9998
29053,0.3161999999999999,0.7896,1.0
29055,0.8474,0.9236,0.8007
29057,0.6899,0.9059,0.9561999999999999
29059,0.753,0.9737,0.9593
29061,0.08189999999999997,0.7878000000000001,0.8931
29063,0.10239999999999994,0.5015000000000001,0.892
29065,0.9696,0.9762,0.7955
29067,0.9053,0.8717,0.8449
29069,0.7632,0.9783,0.6745
29071,0.4848,0.9315,0.8381000000000001
29073,0.45829999999999993,0.8089999999999999,0.8947
29075,0.04069999999999996,0.397,0.8089
29077,0.8054,0.9722,0.8974
29079,0.027599999999999958,0.7533,0.9138999999999999
29081,0.008900000000000019,0.3337,0.8938
29083,0.26949999999999996,0.49849999999999994,1.0
29085,0.6772,0.7827999999999999,0.986
29087,0.1532,0.29379999999999995,0.7395
29089,0.3087,0.8141,0.9984
29091,0.9051,0.9791,0.9374
29093,0.9245,0.9914,0.8618
29095,0.3618,0.5256000000000001,0.9335
29097,0.6960999999999999,0.7793,0.9169
29099,0.7079,0.9581,0.8130999999999999
29101,0.40769999999999995,0.44919999999999993,0.9691
29103,0.04399999999999993,0.3153,0.9192
29105,0.4951,0.8986,0.9958
29107,0.4376,0.5776,0.9537
29109,0.6436999999999999,0.9443,0.9407
29111,0.04249999999999998,0.42479999999999996,0.9343
29113,0.16969999999999996,0.8856999999999999,0.8098
29115,0.02639999999999998,0.6922999999999999,0.9991
29117,0.09099999999999997,0.7771,0.9667
29119,0.6933,0.5052,0.8789
29121,0.0816,0.17320000000000002,0.8842
29123,0.5327999999999999,0.9172,0.9405
29125,0.5122,0.9413,0.9977
29127,0.12649999999999995,0.5238,0.8751
29129,0.0041999999999999815,0.281,0.9193
29131,0.42069999999999996,0.8822,1.0
29133,0.7791,0.7363,0.6388
29135,0.23170000000000002,0.8033,1.0
29137,0.2087,0.7096,0.8736
29139,0.19189999999999996,0.8608,0.8936
29141,0.3601,0.6718,1.0
29143,0.8885,0.9581999999999999,0.5549
29145,0.7857000000000001,0.9072,0.8835
29147,0.05499999999999994,0.5057,0.8311999999999999
29149,0.8442000000000001,0.9742,0.9337
29151,0.27979999999999994,0.8269,0.9631
29153,0.9076,0.9796,0.9326
29155,0.7101,0.8371999999999999,0.5966
29157,0.8616,0.9929,0.7789
29159,0.3345,0.844,0.9998
29161,0.6971,0.9958,0.9726
29163,0.18519999999999992,0.8727,0.8177
29165,0.32519999999999993,0.14159999999999995,0.8471
29167,0.6596,0.9429,0.9533
29169,0.7842,0.9872,0.9867
29171,0.03639999999999999,0.9711,0.9303
29173,0.2932,0.8477,0.7303
29175,0.2744,0.6058,0.9286
29177,0.38969999999999994,0.42769999999999997,0.8911
29179,0.7908999999999999,0.9871,0.9824
29181,0.9556,0.9965,0.802
29183,0.11349999999999993,0.7464,0.8441000000000001
29185,0.30789999999999995,0.8687,0.998
29186,0.7635000000000001,0.9971,0.8821
29187,0.9209,0.9981,0.8739
29189,0.14059999999999995,0.8180000000000001,0.8338
29195,0.24280000000000002,0.5656,0.9997
29197,0.01429999999999998,0.6463,0.966
29199,0.01089999999999991,0.24570000000000003,0.9606
29201,0.7528,0.9643,0.6432
29203,0.9617,0.9954,0.9068
29205,0.07769999999999999,0.22409999999999997,0.8724000000000001
29207,0.7516,0.99,0.6192
29209,0.7007,0.9619,0.962
29211,0.009000000000000008,0.8013,0.9574
29213,0.6362,0.9529,0.9816
29215,0.5616,0.941,0.9642
29217,0.41200000000000003,0.5603,0.9604
29219,0.3669,0.88,0.7964
29221,0.5158,0.8619,0.9123
29223,0.7301,0.9198999999999999,0.9279
29225,0.7651,0.97,0.9445
29227,0.027899999999999925,0.29589999999999994,0.9527
29229,0.8233,0.9662,0.9415
30003,0.30069999999999997,0.16949999999999998,0.6014999999999999
30009,0.603,0.6684,0.5471999999999999
30017,0.9136,0.8353,0.3060999999999999
30021,0.8848,0.9420999999999999,0.4324
30079,0.6605,0.39239999999999997,0.944
30083,0.6035999999999999,0.886,0.5206999999999999
30087,0.9799,0.906,0.4034
30095,0.969,0.27479999999999993,0.12090000000000001
30103,0.3685999999999999,0.04369999999999996,0.24739999999999995
30111,0.25449999999999995,0.14579999999999993,0.12759999999999994
31001,0.7434000000000001,0.40559999999999996,0.36629999999999996
31003,0.40579999999999994,0.7364999999999999,0.26559999999999995
31005,0.8051,0.5868,0.10370000000000001
31007,0.9821,0.837,0.04569999999999996
31009,0.4534,0.9853,0.5824
31011,0.6061,0.4901,0.19989999999999997
31013,0.984,0.9758,0.24470000000000003
31015,0.5330999999999999,0.37870000000000004,0.5490999999999999
31017,0.97,0.9349,0.1552
31019,0.6067,0.7032,0.7511
31021,0.3943,0.11029999999999995,0.6966
31023,0.28579999999999994,0.21709999999999996,0.7212000000000001
31025,0.5826,0.18969999999999998,0.5369999999999999
31027,0.7099,0.9101,0.18319999999999992
31029,0.8386,0.3556,0.23359999999999992
31031,0.9558,0.9024,0.2067
31033,0.995,0.9765,0.00539999999999996
31035,0.6642,0.6629,0.38359999999999994
31037,0.23299999999999998,0.26149999999999995,0.7036
31039,0.2319,0.2288,0.7747999999999999
31041,0.7541,0.8447,0.30079999999999996
31043,0.23939999999999995,0.2178,0.7179
31045,0.984,0.8444,0.04409999999999992
31047,0.9722999999999999,0.9936,0.2965
31049,0.9943,0.9833,0.015100000000000002
31051,0.4675,0.47119999999999995,0.4183
31053,0.3022,0.010699999999999932,0.6415
31055,0.47229999999999994,0.010099999999999998,0.5237
31057,0.9371,0.7402,0.020499999999999963
31059,0.4002,0.5461,0.47950000000000004
31061,0.38139999999999996,0.37429999999999997,0.6924
31063,0.8782,0.8606,0.46699999999999997
31065,0.45999999999999996,0.5327999999999999,0.5446
31067,0.18479999999999996,0.06329999999999991,0.7168
31069,0.9942,0.9863,0.12249999999999994
31071,0.8094,0.6755,0.18769999999999998
31073,0.9796,0.9896,0.24939999999999996
31077,0.8298,0.9384,0.0837
31079,0.8214,0.507,0.3264
31081,0.738,0.6355999999999999,0.3278
31083,0.5651999999999999,0.5223,0.486
31085,0.8733,0.8472,0.10839999999999994
31087,0.007699999999999929,0.041200000000000014,0.8047
31089,0.975,0.8876,0.20219999999999994
31091,0.8033,0.8311999999999999,0.41979999999999995
31093,0.9184,0.9298,0.15839999999999999
31095,0.49149999999999994,0.06589999999999996,0.32809999999999995
31097,0.45640000000000003,0.25780000000000003,0.5612999999999999
31099,0.5086999999999999,0.36349999999999993,0.7901
31101,0.12979999999999992,0.3911,0.5921000000000001
31103,0.2168,0.8558,0.6214
31105,0.6405000000000001,0.41910000000000003,0.36
31107,0.4869,0.23829999999999996,0.2899999999999999
31109,0.19689999999999996,0.1735,0.7792
31111,0.2711,0.43599999999999994,0.5013
31113,0.49349999999999994,0.4645,0.45640000000000003
31115,0.5058,0.6555,0.3436
31117,0.6315,0.7714,0.48729999999999996
31119,0.5291,0.8831,0.3126
31121,0.9123,0.7604,0.2528
31123,0.9856,0.9936,0.16809999999999992
31125,0.7065,0.4153,0.22899999999999998
31127,0.4143,0.27779999999999994,0.6732
31129,0.40169999999999995,0.3355,0.36959999999999993
31131,0.5634,0.1916,0.5421
31133,0.43889999999999996,0.3469,0.44399999999999995
31135,0.5137,0.406,0.6995
31137,0.49670000000000003,0.9986,0.8200000000000001
31139,0.4576,0.637,0.30920000000000003
31141,0.4476,0.8903,0.42769999999999997
31143,0.5325,0.0947,0.38259999999999994
31145,0.02289999999999992,0.03399999999999992,0.766
31147,0.20809999999999995,0.5718,0.7712
31149,0.9299,0.6649,0.48560000000000003
31151,0.387,0.17699999999999994,0.23249999999999993
31153,0.6489,0.1401,0.475
31155,0.3782,0.32099999999999995,0.6614
31157,0.9865,0.9286,0.05599999999999994
31159,0.3327,0.2501,0.47550000000000003
31161,0.9951,0.952,0.05509999999999993
31163,0.9024,0.9947,0.2579
31165,0.9905,0.9979,0.02629999999999999
31167,0.41459999999999997,0.17869999999999997,0.5589999999999999
31169,0.35139999999999993,0.2966,0.5323
31171,0.9547,0.871,0.42089999999999994
31173,0.18099999999999994,0.2955,0.7998000000000001
31175,0.9001,0.8973,0.13449999999999995
31177,0.35519999999999996,0.20719999999999994,0.6765
31179,0.37939999999999996,0.5318,0.5756
31181,0.3974,0.38580000000000003,0.379
31183,0.6453,0.3649,0.628
31185,0.5193,0.42610000000000003,0.33909999999999996
34001,0.10199999999999998,9.999999999998899e-05,0.347
34005,0.13259999999999994,0.10899999999999999,0.5650999999999999
34007,0.12429999999999997,0.1995,0.5336
34009,0.46099999999999997,0.26869999999999994,0.4285
34011,0.20509999999999995,0.13059999999999994,0.5405
34015,0.07069999999999999,0.13039999999999996,0.49739999999999995
34019,0.04459999999999997,0.23070000000000002,0.6880999999999999
34021,0.08399999999999996,0.5513,0.7002999999999999
34023,0.06699999999999995,0.38169999999999993,0.7110000000000001
34025,0.07889999999999997,0.05169999999999997,0.6841999999999999
34027,0.018000000000000016,0.08609999999999995,0.8763
34029,0.09919999999999995,0.037699999999999956,0.5502
34033,0.1543,0.4518,0.5388999999999999
34035,0.05830000000000002,0.4554,0.6988
34037,0.0029000000000000137,0.0007999999999999119,0.9487
34041,0.016899999999999915,0.0907,0.9294
35001,0.5237,0.28789999999999993,0.9226
35005,0.025699999999999945,0.02749999999999997,0.8589
35009,1.0,0.9939,0.10470000000000002
35013,0.13879999999999992,0.36619999999999997,0.7405999999999999
35017,0.9992,0.9568,0.03939999999999999
35019,0.9998,0.9994,0.008199999999999985
35023,0.9512,0.7411,0.2944
35025,0.9599,0.7050000000000001,0.11059999999999992
35029,0.9958,0.9685,0.3963
35031,0.4575,0.16310000000000002,0.1602
35037,0.9615,0.7242999999999999,0.4901
35039,0.617,0.47,0.04999999999999993
35041,0.9794,0.9967,0.7341
35043,0.9434,0.9796,0.0766
35045,0.391,0.0877,0.4851
35047,0.11309999999999998,0.1452,0.6276999999999999
35049,0.8903,0.5315,0.45819999999999994
35053,0.9991,0.9968,0.29979999999999996
35057,0.9998,0.9997,0.01079999999999992
35059,0.9768,0.958,0.02839999999999998
35061,0.09509999999999996,0.5577,0.9485
36001,0.1764,0.88,0.8233
36003,0.5876,0.6322,0.5713999999999999
36007,0.9494,0.7638,0.17830000000000001
36009,0.5352,0.9827,0.3873
36011,0.6491,0.7332000000000001,0.2617999999999999
36013,0.7525999999999999,0.9432,0.22149999999999992
36015,0.8209,0.4455,0.2539
36017,0.9344,0.7786,0.07329999999999992
36019,0.1422,0.09599999999999997,0.6885
36021,0.13869999999999993,0.041200000000000014,0.7348
36023,0.3367,0.2368,0.4648
36025,0.1753,0.01419999999999999,0.8222
36027,0.11880000000000002,0.01529999999999998,0.8221
36029,0.8915,0.9127,0.497
36031,0.24339999999999995,0.03849999999999998,0.3479
36033,0.5699000000000001,0.3413999999999999,0.3752
36035,0.17959999999999998,0.3175,0.8761
36037,0.44109999999999994,0.9042,0.5539000000000001
36039,0.18969999999999998,0.19779999999999998,0.7024
36043,0.23829999999999996,0.9535,0.8167
36045,0.257,0.34909999999999997,0.5724
36049,0.40269999999999995,0.9334,0.6640999999999999
36051,0.6189,0.19540000000000002,0.3141999999999999
36053,0.31399999999999995,0.6904,0.5975999999999999
36055,0.4151,0.10399999999999998,0.6799999999999999
36057,0.1674,0.13759999999999994,0.8246
36063,0.8425,0.9205,0.36439999999999995
36065,0.22539999999999993,0.5543,0.6805
36067,0.17859999999999998,0.4132,0.8220000000000001
36069,0.6769000000000001,0.2932,0.2138
36071,0.11280000000000001,0.09539999999999993,0.6896
36073,0.2609,0.9385,0.916
36075,0.6393,0.6847,0.43699999999999994
36077,0.26369999999999993,0.887,0.8511
36083,0.3437,0.8823,0.4565
36089,0.7471,0.31109999999999993,0.17879999999999996
36091,0.1391,0.1271,0.8671
36093,0.6356999999999999,0.6158,0.7602
36095,0.17799999999999994,0.4125,0.7609
36097,0.4927,0.43920000000000003,0.3141999999999999
36099,0.07019999999999993,0.5545,0.9755
36101,0.37839999999999996,0.7767,0.9341
36103,0.0032999999999999696,0.012399999999999967,0.9169
36105,0.05269999999999997,0.45009999999999994,0.9559
36107,0.0031999999999999806,0.006099999999999994,0.9999
36109,0.9307,0.7718,0.39379999999999993
36111,0.13590000000000002,0.0,0.7843
36115,0.12080000000000002,0.024599999999999955,0.6426000000000001
36117,0.8190999999999999,0.9321,0.28279999999999994
36121,0.6852,0.9389,0.27849999999999997
36123,0.43689999999999996,0.9238999999999999,0.779
37001,0.7042999999999999,0.5409999999999999,0.3459
37003,0.47250000000000003,0.43309999999999993,0.4981
37005,0.3225,0.0383,0.6174
37007,0.8303,0.8915,0.3469
37009,0.5288999999999999,0.513,0.41459999999999997
37011,0.8108,0.3806999999999999,0.6034999999999999
37013,0.9988,0.8477,0.011799999999999922
37015,0.9907,0.9541999999999999,0.014899999999999913
37017,0.9969,0.8755,0.07650000000000001
37019,0.9997,0.9937,0.009299999999999975
37021,0.8678,0.5912999999999999,0.2197
37023,0.4548,0.43389999999999995,0.5338
37025,0.72,0.7407,0.3214
37027,0.5921000000000001,0.7303,0.4626
37029,0.8017,0.5257000000000001,0.09249999999999992
37031,0.367,0.7993,0.7283
37033,0.7678,0.5479,0.24039999999999995
37035,0.478,0.7117,0.3863
37037,0.8193,0.7108,0.09049999999999991
37039,0.8162,0.4174,0.1583
37041,0.9662999999999999,0.8707,0.04589999999999994
37043,0.6643,0.5448,0.3751
37045,0.5589,0.12309999999999999,0.20340000000000003
37047,0.9981,0.9877,0.02939999999999998
37049,1.0,0.9965,0.07350000000000001
37051,0.9848,0.9722999999999999,0.258
37053,0.8524,0.3558,0.05779999999999996
37055,0.9147,0.20399999999999996,0.07129999999999992
37057,0.8215,0.8656,0.3771
37059,0.7137,0.7224999999999999,0.5143
37061,0.9993,0.9993,0.17049999999999998
37063,0.8714999999999999,0.5851999999999999,0.07450000000000001
37065,0.9737,0.9584,0.0252
37067,0.8395,0.55,0.10999999999999999
37069,0.9352,0.6994,0.0676
37071,0.6736,0.35939999999999994,0.2512
37073,0.9655,0.8694999999999999,0.056400000000000006
37075,0.9786,0.8989,0.32309999999999994
37077,0.8355,0.6538999999999999,0.09109999999999996
37079,0.9904,0.9832,0.24449999999999994
37081,0.8196,0.7966,0.3307
37083,0.9558,0.9766,0.03979999999999995
37085,0.9484,0.8734,0.15699999999999992
37087,0.49870000000000003,0.6283,0.7202999999999999
37089,0.479,0.5908,0.38680000000000003
37091,0.9837,0.9591,0.03420000000000001
37093,0.945,0.9584,0.14269999999999994
37095,0.6299,0.5545,0.7059
37097,0.5373,0.831,0.5435
37099,0.7789,0.5826,0.09109999999999996
37101,0.9736,0.927,0.22309999999999997
37103,1.0,1.0,0.05919999999999992
37105,0.8919,0.8351999999999999,0.0695
37107,0.9998,0.9926,0.17120000000000002
37109,0.5831,0.3337,0.24959999999999993
37111,0.49219999999999997,0.05249999999999999,0.4407
37113,0.4991,0.06799999999999995,0.24449999999999994
37115,0.7646,0.5578,0.33399999999999996
37117,0.9913,0.9604,0.018100000000000005
37119,0.6553,0.7947,0.33340000000000003
37121,0.22619999999999996,0.07650000000000001,0.6063000000000001
37123,0.7796,0.7562,0.1452
37125,0.8878,0.9782,0.08189999999999997
37127,0.9625,0.9527,0.04849999999999999
37129,1.0,0.9965,0.0010999999999999899
37131,0.9736,0.991,0.03310000000000002
37133,1.0,1.0,0.009000000000000008
37135,0.6847,0.5545,0.3292999999999999
37137,0.9803,0.986,0.5206999999999999
37139,0.7878000000000001,0.40479999999999994,0.13949999999999996
37141,1.0,0.9998,0.0024999999999999467
37143,0.9328,0.6804,0.12419999999999998
37145,0.7921,0.5952,0.20819999999999994
37147,0.9977,0.9541,0.11039999999999994
37149,0.8077,0.589,0.18309999999999993
37151,0.8616,0.6547000000000001,0.14200000000000002
37153,0.8758,0.929,0.16549999999999998
37155,0.9693,0.9223,0.17579999999999996
37157,0.8315,0.5766,0.27659999999999996
37159,0.6693,0.7455,0.6438999999999999
37161,0.6554,0.13459999999999994,0.17089999999999994
37163,0.9974,0.9886,0.3205
37165,0.9298,0.977,0.11669999999999991
37167,0.7495,0.9181,0.4393
37169,0.81,0.6954,0.18409999999999993
37171,0.6557,0.7545999999999999,0.41789999999999994
37173,0.9146,0.4123,0.05589999999999995
37175,0.4276,0.4022,0.4829
37177,0.9193,0.3075,0.16769999999999996
37179,0.7552,0.8087,0.3054
37181,0.8267,0.8871,0.20819999999999994
37183,0.9273,0.7050000000000001,0.08329999999999993
37185,0.8475,0.5101,0.15659999999999996
37187,0.9852,0.6640999999999999,0.016799999999999926
37189,0.9274,0.9566,0.8266
37191,0.9825,0.9821,0.36119999999999997
37193,0.5876,0.5133,0.45630000000000004
37195,0.9712,0.9662999999999999,0.17959999999999998
37197,0.798,0.6286,0.17459999999999998
37199,0.8357,0.5665,0.28869999999999996
38001,0.31499999999999995,0.8765,0.6667000000000001
38003,0.24649999999999994,0.08489999999999998,0.514
38005,0.15359999999999996,0.22719999999999996,0.5977
38009,0.0044999999999999485,0.16579999999999995,0.9988
38011,0.3026,0.37059999999999993,0.7641
38015,0.10819999999999996,0.782,0.6526000000000001
38017,0.33140000000000003,0.0938,0.38839999999999997
38019,0.008900000000000019,0.3349,0.8357
38021,0.41059999999999997,0.09029999999999994,0.2993
38025,0.45799999999999996,0.23839999999999995,0.6527000000000001
38027,0.02510000000000001,0.138,0.9355
38029,0.21129999999999993,0.5992,0.5546
38031,0.015100000000000002,0.48460000000000003,0.9988
38033,0.043399999999999994,0.0050000000000000044,0.8531
38035,0.3661,0.6011,0.5297000000000001
38037,0.6702,0.4433,0.30979999999999996
38039,0.23519999999999996,0.36719999999999997,0.7513
38041,0.2802,0.23399999999999999,0.6421
38043,0.11149999999999993,0.6871,0.8631
38045,0.23639999999999994,0.05999999999999994,0.6691
38047,0.0014999999999999458,0.026499999999999968,0.9998
38049,0.16579999999999995,0.19609999999999994,0.6077
38051,0.04420000000000002,0.15349999999999997,0.9614
38053,0.4544,0.371,0.7127
38055,0.499,0.20799999999999996,0.47419999999999995
38057,0.10849999999999993,0.613,0.7444
38059,0.33240000000000003,0.7472,0.6108
38061,0.019199999999999995,0.0232,0.6335
38063,0.21689999999999998,0.18419999999999992,0.6700999999999999
38065,0.36729999999999996,0.3377,0.5054
38067,0.0968,0.2801,0.8011
38069,0.2662,0.2556999999999999,0.486
38071,0.028799999999999937,0.5353,0.9756
38073,0.6678,0.05289999999999995,0.21189999999999998
38075,0.04289999999999994,0.2921,0.9859
38077,0.49160000000000004,0.17149999999999999,0.49460000000000004
38079,0.022499999999999964,0.1602,0.9074
38081,0.40490000000000004,0.0474,0.5042
38083,0.39949999999999997,0.9145,0.46929999999999994
38085,0.0022999999999999687,0.00539999999999996,0.9224
38087,0.14529999999999998,0.07829999999999993,0.911
38089,0.3538,0.20129999999999992,0.6644
38091,0.5032,0.3096,0.35329999999999995
38093,0.006699999999999928,0.3171999999999999,0.9549
38095,0.4948,0.7604,0.45840000000000003
38097,0.33209999999999995,0.19929999999999992,0.45730000000000004
38099,0.4185,0.6991,0.29769999999999996
38101,0.05809999999999993,0.24509999999999998,0.8664000000000001
38103,0.16089999999999993,0.9167,0.6544
38105,0.42999999999999994,0.6999,0.2864
39001,0.883,0.5550999999999999,0.266
39003,0.048899999999999944,0.4354,1.0
39005,0.04389999999999994,0.08360000000000001,0.9828
39007,0.007699999999999929,0.12459999999999993,0.9997
39009,0.34329999999999994,0.25,0.756
39011,0.037699999999999956,0.10429999999999995,0.9985
39013,0.09309999999999996,0.3052,0.9799
39015,0.6777,0.7004,0.6678999999999999
39017,0.42069999999999996,0.6285000000000001,0.7291
39019,0.022499999999999964,0.13349999999999995,0.9888
39021,0.36339999999999995,0.05479999999999996,0.851
39023,0.4172,0.29379999999999995,0.7417
39025,0.7525,0.48429999999999995,0.2944
39027,0.4357,0.4004,0.7133
39029,0.0020999999999999908,0.623,1.0
39031,0.08809999999999996,0.05930000000000002,0.975
39033,0.05679999999999996,0.17459999999999998,0.9971
39037,0.08619999999999994,0.17909999999999993,0.9509
39039,0.011199999999999988,0.3974,1.0
39041,0.20350000000000001,0.07829999999999993,0.8732
39043,0.18730000000000002,0.632,0.9992
39045,0.4758,0.5917,0.7142
39047,0.6223000000000001,0.2884,0.5741
39049,0.32009999999999994,0.03510000000000002,0.7606999999999999
39051,0.018100000000000005,0.5291,1.0
39053,0.43320000000000003,0.43010000000000004,0.4155
39055,0.009000000000000008,0.19240000000000002,1.0
39057,0.33809999999999996,0.369,0.5780000000000001
39059,0.16789999999999994,0.7589,0.8894
39061,0.35639999999999994,0.8654999999999999,0.6972
39063,0.008799999999999919,0.16249999999999998,1.0
39065,0.027799999999999936,0.10709999999999997,1.0
39067,0.03320000000000001,0.006099999999999994,0.9556
39069,0.0024999999999999467,0.481,1.0
39071,0.5177,0.6078,0.7484999999999999
39073,0.5670999999999999,0.7037,0.6295
39075,0.02410000000000001,0.16869999999999996,0.9998
39077,0.40669999999999995,0.7238,0.9029
39079,0.8854,0.6101,0.1058
39081,0.021399999999999975,0.08529999999999993,0.9915
39083,0.13129999999999997,0.03709999999999991,0.8879
39087,0.9426,0.7235,0.08099999999999996
39089,0.4063,0.32519999999999993,0.7093
39091,0.10609999999999997,0.028899999999999926,0.9652
39093,0.19979999999999998,0.7258,0.9285
39095,0.0007999999999999119,0.05149999999999999,1.0
39097,0.46909999999999996,0.51,0.6763
39099,0.00019999999999997797,0.08609999999999995,1.0
39101,0.06509999999999994,0.21450000000000002,0.9993
39103,0.10519999999999996,0.07469999999999999,0.9076
39105,0.35239999999999994,0.14449999999999996,0.5684
39107,0.04159999999999997,0.25359999999999994,0.9993
39109,0.19399999999999995,0.25529999999999997,0.9292
39111,0.13579999999999992,0.3096,0.9752
39113,0.3403999999999999,0.8207,0.8573
39115,0.28169999999999995,0.41059999999999997,0.8684000000000001
39117,0.24519999999999997,0.03969999999999996,0.8967
39119,0.3104,0.7651,0.8551
39121,0.23149999999999993,0.7357,0.6900999999999999
39123,0.04249999999999998,0.127,1.0
39125,0.026599999999999957,0.48419999999999996,1.0
39127,0.488,0.552,0.7259
39129,0.4556,0.22749999999999992,0.6288
39131,0.9583,0.4485,0.058699999999999974
39133,0.023399999999999976,0.23060000000000003,0.9682999999999999
39135,0.2459,0.665,0.8654
39137,0.03479999999999994,0.5401,1.0
39139,0.06229999999999991,0.19330000000000003,0.9694
39141,0.5506,0.34919999999999995,0.6029
39143,0.13439999999999996,0.5848,1.0
39145,0.7032,0.623,0.3214
39147,0.1331,0.5901000000000001,1.0
39149,0.08139999999999992,0.09349999999999992,0.9584
39151,0.011299999999999977,0.22329999999999994,0.9951
39153,0.010000000000000009,0.13829999999999998,0.9988
39155,0.00029999999999996696,0.008299999999999974,1.0
39157,0.03599999999999992,0.13379999999999992,0.9997
39159,0.17559999999999998,0.0403,0.901
39161,0.020499999999999963,0.18079999999999996,1.0
39163,0.5660000000000001,0.7030000000000001,0.4657
39165,0.39559999999999995,0.7765,0.7726
39167,0.32289999999999996,0.2602,0.8858
39169,0.010000000000000009,0.32309999999999994,1.0
39171,0.012299999999999978,0.45030000000000003,1.0
39173,0.04820000000000002,0.18119999999999992,1.0
39175,0.028200000000000003,0.3691,1.0
40007,0.9262,0.5232,0.11029999999999995
40013,0.8928,0.8598,0.41469999999999996
40015,0.7474000000000001,0.856,0.5609999999999999
40017,0.9976,0.9204,0.11939999999999995
40023,0.942,0.9645,0.16769999999999996
40025,0.7039,0.363,0.17830000000000001
40027,0.9949,0.8809,0.13779999999999992
40035,0.9811,0.9559,0.6698
40039,0.9989,0.9151,0.018399999999999972
40045,0.999,0.9832,0.03289999999999993
40049,0.947,0.7458,0.2929999999999999
40051,0.9966,0.8671,0.19309999999999994
40053,0.9844,0.38839999999999997,0.08029999999999993
40061,0.9824,0.9964,0.3638
40063,0.8782,0.9459,0.3873
40069,0.8229,0.9985,0.6443
40071,0.9955,0.8929,0.1441
40079,0.5538000000000001,0.28769999999999996,0.49629999999999996
40081,0.9997,0.7518,0.00039999999999995595
40085,0.9694,0.9649,0.6003000000000001
40087,0.9939,0.7150000000000001,0.03720000000000001
40089,0.9506,0.8006,0.15879999999999994
40091,0.9738,0.6652,0.13849999999999996
40093,0.9992,0.9033,0.010000000000000009
40095,0.7242999999999999,0.9932,0.5445
40097,0.878,0.7724,0.7416
40101,0.9909,0.9662,0.05130000000000001
40105,0.9093,0.7585,0.48429999999999995
40107,0.9943,0.9688,0.2842
40109,0.9994,0.9446,0.005099999999999993
40111,0.9946,0.7008,0.07699999999999996
40113,0.511,0.21119999999999994,0.6695
40115,0.6441,0.5892999999999999,0.8294
40117,0.9869,0.8803,0.06919999999999993
40121,0.8182,0.6361,0.20619999999999994
40123,0.5873999999999999,0.9524,0.8802
40125,0.7525999999999999,0.6656,0.6746
40131,0.8632,0.8282,0.8229
40135,0.7573,0.38359999999999994,0.3000999999999999
40139,0.9943,0.7109,0.028699999999999948
40145,0.996,0.9674,0.02529999999999999
40147,0.9715,0.7908999999999999,0.16189999999999993
41001,0.9842,0.7611,0.20550000000000002
41005,0.5377000000000001,0.07369999999999999,0.10349999999999993
41019,0.08209999999999995,0.0007999999999999119,0.31789999999999996
41043,0.5889,0.06699999999999995,0.41169999999999995
41045,0.09899999999999998,0.010599999999999943,0.6874
41047,0.0746,0.0,0.2339
41049,0.6648000000000001,0.17999999999999994,0.25739999999999996
41053,0.15879999999999994,0.005799999999999916,0.21450000000000002
41059,0.9804,0.5368999999999999,0.17859999999999998
41067,0.694,0.0010999999999999899,0.0847
41071,0.47419999999999995,0.01089999999999991,0.060899999999999954
42001,0.04730000000000001,0.24649999999999994,0.9086
42003,0.26469999999999994,0.09809999999999997,0.5781000000000001
42005,0.09389999999999998,0.054300000000000015,0.9009
42007,0.11299999999999999,0.12519999999999998,0.7119
42009,0.23160000000000003,0.08629999999999993,0.7798
42011,0.02629999999999999,0.019199999999999995,0.8621
42013,0.12659999999999993,0.12969999999999993,0.8024
42015,0.01969999999999994,0.0020000000000000018,0.9037
42017,0.04499999999999993,0.17899999999999994,0.6880999999999999
42019,0.18599999999999994,0.0877,0.7524
42021,0.07539999999999991,0.2148,0.9339999999999999
42023,0.07569999999999999,0.5259,0.9619
42025,0.007699999999999929,0.012399999999999967,0.9411
42027,0.04079999999999995,0.0012999999999999678,0.8791
42029,0.11080000000000001,0.22609999999999997,0.4557
42031,0.1442,0.22039999999999993,0.8783
42033,0.03499999999999992,0.13559999999999994,0.9516
42035,0.03909999999999991,0.035699999999999954,0.8807
42037,0.03299999999999992,0.0004999999999999449,0.8532
42039,0.09319999999999995,0.07750000000000001,0.3729
42041,0.027599999999999958,0.08029999999999993,0.9071
42043,0.02510000000000001,0.009099999999999997,0.9088
42045,0.03079999999999994,0.4355,0.8852
42047,0.5082,0.5509999999999999,0.278
42049,0.23419999999999996,0.6104,0.19109999999999994
42051,0.18479999999999996,0.24629999999999996,0.6348
42053,0.04069999999999996,0.2057,0.9561
42055,0.043200000000000016,0.06740000000000002,0.912
42057,0.07999999999999996,0.025399999999999978,0.7928999999999999
42059,0.07739999999999991,0.10709999999999997,0.7373000000000001
42061,0.07450000000000001,0.06119999999999992,0.8484
42063,0.05719999999999992,0.12209999999999999,0.9359
42065,0.035499999999999976,0.06629999999999991,0.9548
42067,0.02389999999999992,0.07209999999999994,0.9601999999999999
42069,0.01429999999999998,0.1462,0.8739
42071,0.08939999999999992,0.36,0.6890000000000001
42073,0.06489999999999996,0.09789999999999999,0.9688
42075,0.02959999999999996,0.05689999999999995,0.9523
42077,0.022399999999999975,0.04859999999999998,0.9258
42079,0.010199999999999987,0.01089999999999991,0.8277
42081,0.0040000000000000036,0.0010000000000000009,0.9794
42083,0.006000000000000005,0.0009000000000000119,0.9661
42085,0.0847,0.016199999999999992,0.6935
42087,0.044399999999999995,0.06340000000000001,0.8685
42089,0.011599999999999944,0.0035999999999999366,0.9026
42091,0.05619999999999992,0.08179999999999998,0.6234999999999999
42093,0.023299999999999987,0.0017999999999999128,0.8339
42095,0.011299999999999977,0.0009000000000000119,0.8922
42097,0.04159999999999997,0.07919999999999994,0.8159000000000001
42099,0.02629999999999999,0.01979999999999993,0.8922
42103,0.00019999999999997797,0.0009000000000000119,0.9969
42105,0.1987,0.49049999999999994,0.6351
42107,0.029999999999999916,0.0031999999999999806,0.7919
42109,0.02859999999999996,0.015000000000000013,0.8234
42111,0.13579999999999992,0.12829999999999997,0.8617
42113,0.0014999999999999458,0.0,0.9539
42115,0.017799999999999927,0.025499999999999967,0.7761
42117,0.0,9.999999999998899e-05,1.0
42119,0.027699999999999947,0.05359999999999998,0.8555
42121,0.15739999999999998,0.24529999999999996,0.7565999999999999
42123,0.0030000000000000027,0.028699999999999948,0.9955
42125,0.11359999999999992,0.08519999999999994,0.625
42127,0.0010000000000000009,0.017799999999999927,0.907
42129,0.12890000000000001,0.06599999999999995,0.7505999999999999
42131,0.022399999999999975,0.007699999999999929,0.8686
42133,0.041200000000000014,0.4053,0.9037999999999999
45001,0.32819999999999994,0.21729999999999994,0.44630000000000003
45003,0.8193,0.5746,0.24219999999999997
45005,0.937,0.5761000000000001,0.12549999999999994
45007,0.24209999999999998,0.3034,0.3679
45009,0.9069,0.5418000000000001,0.15259999999999996
45011,0.8519,0.6255,0.1835
45013,0.9977,0.9413,0.01739999999999997
45015,0.8364,0.8617,0.24349999999999994
45017,0.55,0.43189999999999995,0.5332
45019,0.9864,0.9113,0.06009999999999993
45021,0.5470999999999999,0.1371,0.15449999999999997
45023,0.5849,0.19689999999999996,0.3198
45025,0.7531,0.8623000000000001,0.37
45027,0.492,0.4346,0.6965
45029,0.9619,0.8848,0.10159999999999991
45031,0.7087,0.7833,0.6128
45033,0.9862,0.9765,0.19119999999999993
45035,0.8017,0.5718,0.2136
45037,0.49019999999999997,0.45509999999999995,0.38049999999999995
45039,0.6289,0.38759999999999994,0.34319999999999995
45041,0.6503,0.9428,0.4436
45043,0.8367,0.5347,0.15459999999999996
45045,0.39479999999999993,0.15339999999999998,0.22119999999999995
45047,0.18099999999999994,0.015100000000000002,0.4384
45049,0.9538,0.6483,0.10229999999999995
45051,0.9935,0.9774,0.015699999999999936
45053,0.9339999999999999,0.7414000000000001,0.055499999999999994
45055,0.45499999999999996,0.5717,0.5848
45057,0.6144000000000001,0.4095,0.46399999999999997
45059,0.4102,0.2762,0.3984
45061,0.6354,0.9081,0.6424
45063,0.6411,0.8285,0.4262
45065,0.5352,0.5953999999999999,0.36039999999999994
45067,0.9431,0.9639,0.1865
45069,0.831,0.7873,0.22719999999999996
45071,0.4253,0.2834,0.32089999999999996
45073,0.5281,0.13749999999999996,0.14879999999999993
45075,0.7982,0.717,0.39049999999999996
45077,0.5547,0.8634,0.5263
45079,0.6427,0.2469,0.5287999999999999
45081,0.36060000000000003,0.39549999999999996,0.5455
45083,0.4094,0.1735,0.23619999999999997
45085,0.38880000000000003,0.6729,0.8343
45087,0.6552,0.2096,0.19509999999999994
45089,0.575,0.8423,0.2733
45091,0.6831,0.6813,0.30589999999999995
46003,0.19399999999999995,0.06609999999999994,0.6988
46005,0.031299999999999994,0.13139999999999996,0.9891
46007,0.6839,0.3208,0.3066
46009,0.33509999999999995,0.05349999999999999,0.5181
46011,0.2793,0.2187,0.7258
46013,0.15400000000000003,0.7556,0.8531
46015,0.1472,0.011399999999999966,0.7773
46017,0.10759999999999992,0.006699999999999928,0.9217
46019,0.9416,0.9485,0.42499999999999993
46021,0.03469999999999995,0.03420000000000001,0.9477
46023,0.2639,0.14269999999999994,0.42769999999999997
46025,0.09749999999999992,0.5892,0.8947
46027,0.7407,0.6755,0.2613
46029,0.15000000000000002,0.32319999999999993,0.8474
46031,0.5471999999999999,0.5598,0.3183
46033,0.7436,0.6158,0.1481
46035,0.1261,0.3639,0.7435
46037,0.02949999999999997,0.36119999999999997,0.9535
46039,0.5478000000000001,0.44309999999999994,0.6267
46041,0.596,0.9044,0.2358
46043,0.2007,0.023499999999999965,0.5432
46045,0.4274,0.9135,0.6777
46047,0.8174,0.619,0.2841
46049,0.19199999999999995,0.6846,0.9559
46051,0.052099999999999924,0.33540000000000003,0.8743
46053,0.3953,0.493,0.5079
46055,0.4949,0.9299,0.5490999999999999
46057,0.21309999999999996,0.3849,0.7983
46059,0.018799999999999928,0.006399999999999961,0.9982
46061,0.11839999999999995,0.025899999999999923,0.5811
46063,0.6102,0.9445,0.8306
46065,0.06629999999999991,0.044399999999999995,0.8404
46067,0.06279999999999997,0.06779999999999997,0.7769
46069,0.0353,0.07929999999999993,0.9783
46071,0.595,0.9518,0.6232
46073,0.04469999999999996,0.006199999999999983,0.8323
46075,0.14479999999999993,0.15759999999999996,0.6652
46077,0.2677999999999999,0.7666999999999999,0.8911
46079,0.20189999999999997,0.6506000000000001,0.7591
46081,0.40900000000000003,0.9578,0.26539999999999997
46083,0.2601,0.3822,0.5787
46085,0.1915,0.025599999999999956,0.1401
46087,0.10770000000000002,0.1855,0.7742
46089,0.4013,0.5434,0.5601
46091,0.06119999999999992,0.41600000000000004,0.9214
46093,0.6651,0.7678,0.5869
46095,0.06699999999999995,0.028699999999999948,0.6807
46097,0.11549999999999994,0.30909999999999993,0.8853
46099,0.05779999999999996,0.16110000000000002,0.8387
46101,0.1139,0.8228,0.9031
46102,0.6937,0.9849,0.3679
46103,0.12539999999999996,0.13290000000000002,0.8146
46105,0.3761,0.6253,0.6552
46107,0.3893,0.1381,0.6774
46109,0.005499999999999949,0.08139999999999992,0.8542000000000001
46111,0.15439999999999998,0.12369999999999992,0.796
46115,0.031299999999999994,0.09309999999999996,0.9955
46117,0.07999999999999996,0.20550000000000002,0.5644
46119,0.13129999999999997,0.05819999999999992,0.3698
46121,0.6672,0.267,0.1411
46123,0.35839999999999994,0.8076,0.6013
46125,0.16969999999999996,0.12009999999999998,0.702
46127,0.6959,0.368,0.3476
46129,0.6537999999999999,0.8834,0.35050000000000003
46135,0.22309999999999997,0.04349999999999998,0.6013
46137,0.11170000000000002,0.49,0.9106
47001,0.9973,0.9903,0.5767
47003,0.8315,0.8093,0.3282999999999999
47005,0.6285000000000001,0.8238,0.7672
47007,0.5267999999999999,0.34719999999999995,0.5535
47009,0.8082,0.5457,0.3010999999999999
47011,0.6692,0.37270000000000003,0.2572
47013,0.985,0.9435,0.5617
47015,0.8287,0.6607000000000001,0.42310000000000003
47017,0.7288,0.5972,0.6964
47019,0.8944,0.6277999999999999,0.3426
47021,0.8271999999999999,0.7775,0.5569999999999999
47023,0.8322,0.7151000000000001,0.813
47025,0.8341000000000001,0.32309999999999994,0.18509999999999993
47027,0.8452,0.7648,0.4072
47029,0.8296,0.4537,0.255
47031,0.8519,0.8307,0.33199999999999996
47033,0.833,0.6815,0.6569
47035,0.5064,0.23349999999999993,0.5818
47037,0.864,0.8851,0.38959999999999995
47039,0.6880999999999999,0.8518,0.848
47041,0.7472,0.8589,0.6536
47043,0.935,0.9360999999999999,0.17509999999999992
47045,0.8294,0.9039,0.6946
47047,0.8339,0.8803,0.7972
47049,0.7379,0.6857,0.5379
47051,0.8093,0.6244000000000001,0.2832
47053,0.739,0.6789000000000001,0.6828000000000001
47055,0.5324,0.6546000000000001,0.7534
47057,0.858,0.6408,0.22429999999999994
47059,0.7601,0.4058999999999999,0.38269999999999993
47061,0.788,0.5901000000000001,0.3036
47063,0.9451,0.7979,0.14800000000000002
47065,0.5939,0.40049999999999997,0.4909
47067,0.6715,0.7577,0.29969999999999997
47069,0.7771,0.9445,0.815
47071,0.6780999999999999,0.8619,0.8327
47073,0.6718999999999999,0.8127,0.28679999999999994
47075,0.8257,0.9241,0.7568
47077,0.8225,0.6846,0.7584
47079,0.896,0.9954,0.44399999999999995
47081,0.8396,0.8274,0.7032
47083,0.9025,0.7896,0.43879999999999997
47085,0.6181,0.944,0.8118
47087,0.9094,0.9556,0.31479999999999997
47089,0.8289,0.712,0.2579
47091,0.6779999999999999,0.22119999999999995,0.7767999999999999
47093,0.7059,0.501,0.6799999999999999
47095,0.7263,0.6832,0.6362
47097,0.7404,0.8829,0.8144
47099,0.6334,0.45619999999999994,0.7437
47101,0.7443,0.6686,0.6789000000000001
47103,0.6820999999999999,0.6537,0.5626
47105,0.7017,0.7335,0.7879
47107,0.7925,0.8827,0.3558
47109,0.7852,0.8832,0.873
47111,0.9305,0.7455,0.4072
47113,0.842,0.5905,0.6960999999999999
47115,0.7569,0.5134,0.3077
47117,0.6535,0.6514,0.589
47119,0.8275,0.9177,0.3718
47121,0.6544,0.7415,0.3359
47123,0.5367,0.33999999999999997,0.5948
47125,0.9002,0.9249,0.2318
47127,0.912,0.8423,0.18979999999999997
47129,0.8589,0.9293,0.6996
47131,0.6575,0.5791,0.7001999999999999
47133,0.7536,0.8734,0.5487
47135,0.7732,0.7736000000000001,0.806
47137,0.8802,0.9639,0.42569999999999997
47139,0.6658999999999999,0.5228999999999999,0.3205
47141,0.7777000000000001,0.7706,0.5462
47143,0.5922000000000001,0.46799999999999997,0.5374
47145,0.6214,0.3183,0.6687000000000001
47147,0.8995,0.7829,0.3174
47149,0.7964,0.7572,0.3628
47151,0.9938,0.9844,0.4989
47153,0.6121,0.616,0.41079999999999994
47155,0.7094,0.32609999999999995,0.29779999999999995
47157,0.8622,0.7877000000000001,0.7658
47159,0.8445,0.8653,0.49739999999999995
47161,0.8873,0.984,0.24139999999999995
47163,0.8234,0.4941,0.3993
47165,0.9001,0.8622,0.41379999999999995
47167,0.882,0.8865,0.7585999999999999
47169,0.9558,0.8365,0.2471
47173,0.9908,0.9654,0.39959999999999996
47175,0.675,0.5681,0.5125
47177,0.8255,0.8227,0.45119999999999993
47179,0.7842,0.9,0.48150000000000004
47181,0.78,0.6676,0.47739999999999994
47183,0.6629,0.5361,0.7403
47185,0.6456,0.5807,0.6152
47187,0.7287,0.7162,0.5898
47189,0.8787,0.8732,0.25749999999999995
48001,0.86,0.8328,0.2982
48011,0.11499999999999999,0.2732,0.7824
48013,0.9964,0.8789,0.01539999999999997
48015,0.9863,0.9609,0.04509999999999992
48017,0.9845,0.9907,0.5811
48021,0.9191,0.6894,0.4183
48025,0.9737,0.7042999999999999,0.12359999999999993
48027,0.9978,0.9626,0.2772
48029,0.9719,0.9211,0.028799999999999937
48035,0.8136,0.9269,0.23219999999999996
48037,0.9845,0.996,0.11439999999999995
48039,0.563,0.2673,0.4336
48041,0.9789,0.8192,0.23519999999999996
48045,0.12180000000000002,0.35860000000000003,0.6959
48051,0.9483,0.8985,0.1805
48055,0.9839,0.9762,0.266
48057,0.9784,0.9006,0.16459999999999997
48061,0.9204,0.7511,0.17489999999999994
48065,0.7968999999999999,0.41279999999999994,0.21939999999999993
48069,0.19809999999999994,0.14559999999999995,0.6019
48085,0.9067,0.8313,0.2661
48089,0.9936,0.9822,0.06169999999999998
48091,0.9916,0.9519,0.21799999999999997
48099,0.9756,0.7886,0.22009999999999996
48111,0.5218,0.1251,0.3433999999999999
48113,0.9868,0.9334,0.3157
48117,0.9943,0.8711,0.23639999999999994
48121,0.4282,0.9412,0.8374
48123,0.9997,0.9168,0.11759999999999993
48131,0.9753000000000001,0.8266,0.22339999999999993
48139,0.9682999999999999,0.9747,0.2609
48145,0.997,0.989,0.36519999999999997
48147,0.5237,0.36,0.5857
48149,0.9114,0.8659,0.518
48153,0.21899999999999997,0.7997,0.8247
48157,0.9967,0.9979,0.0695
48163,0.9988,0.9995,0.08439999999999992
48171,0.9557,0.9985,0.21609999999999996
48175,1.0,0.9972,0.043300000000000005
48177,0.9963,0.9991,0.2512
48179,0.9988,0.9716,0.09629999999999994
48181,0.1613,0.8498,0.9507
48185,0.9585,0.5206999999999999,0.39869999999999994
48187,0.9819,0.8472,0.16589999999999994
48189,0.7213,0.9216,0.6355
48193,0.9778,0.8767,0.15769999999999995
48195,0.29979999999999996,0.30399999999999994,0.7363999999999999
48201,0.9954,0.9973,0.13339999999999996
48205,0.8378,0.2066,0.11580000000000001
48209,0.9672,0.819,0.3378
48215,0.9961,0.8633,0.48160000000000003
48217,0.96,0.9486,0.3065
48225,0.9996,0.9845,0.011799999999999922
48231,0.8559,0.7423,0.25939999999999996
48233,0.7994,0.41889999999999994,0.06629999999999991
48239,0.9986,0.9873,0.02949999999999997
48249,0.9538,0.43720000000000003,0.05599999999999994
48251,0.9784,0.9043,0.273
48255,0.9587,0.8648,0.15349999999999997
48257,0.9785,0.8714,0.1078
48273,0.9526,0.2569,0.08109999999999995
48277,0.962,0.9951,0.11759999999999993
48279,0.9939,0.8989,0.45189999999999997
48285,0.9998,0.9986,0.1482
48287,0.9284,0.9911,0.5015000000000001
48293,0.8597,0.8821,0.485
48295,0.9256,0.5269999999999999,0.15100000000000002
48297,0.9838,0.6686,0.06609999999999994
48303,0.16459999999999997,0.8029,0.6989000000000001
48309,0.9934,0.9506,0.48649999999999993
48321,0.9992,0.9833,0.03589999999999993
48325,0.9785,0.5897,0.1199
48331,0.9838,0.9833,0.46309999999999996
48341,0.357,0.30169999999999997,0.5619000000000001
48349,0.9857,0.9839,0.25129999999999997
48355,0.9446,0.47809999999999997,0.09719999999999995
48357,0.37959999999999994,0.11559999999999993,0.6591
48369,0.9487,0.5507,0.48260000000000003
48381,0.40179999999999993,0.5676,0.18099999999999994
48387,0.9969,0.9987,0.04789999999999994
48391,0.9974,0.9969,0.10670000000000002
48395,0.9634,0.7765,0.4386
48409,0.9816,0.4941,0.14429999999999998
48421,0.4505,0.22360000000000002,0.45130000000000003
48427,0.6746,0.4859,0.2663
48437,0.3788,0.8814,0.5076
48453,0.9826,0.9334,0.36319999999999997
48463,0.9288,0.6824,0.5913999999999999
48469,0.9994,0.9467,0.08739999999999992
48473,0.9949,0.9764,0.2056
48477,0.9236,0.9524,0.16269999999999996
48481,0.9996,0.9957,0.014899999999999913
48489,0.9905,0.9232,0.5683
48491,0.9843,0.9637,0.4386
48493,0.9923,0.9513,0.12990000000000002
48507,0.9192,0.6831,0.245
49003,0.9662999999999999,0.9172,0.12069999999999992
49005,0.8373,0.8771,0.42110000000000003
49011,0.9339,0.861,0.13419999999999999
49013,0.9558,0.2541,0.05719999999999992
49015,0.11599999999999999,0.41979999999999995,0.902
49021,0.9178999999999999,0.5337000000000001,0.43279999999999996
49023,0.8331999999999999,0.9862,0.22019999999999995
49027,0.21919999999999995,0.08250000000000002,0.2603
49035,0.3292999999999999,0.1614,0.4879
49041,0.9591,0.6726,0.06479999999999997
49047,0.4216,0.5003,0.47609999999999997
49049,0.5161,0.5968,0.6322
49057,0.6653,0.36619999999999997,0.09699999999999998
51001,0.8784,0.7614,0.030999999999999917
51003,0.19279999999999997,0.12649999999999995,0.5817
51005,0.4021,0.10949999999999993,0.18409999999999993
51007,0.661,0.44519999999999993,0.0686
51009,0.2952,0.07129999999999992,0.1884
51011,0.3859,0.2914,0.2502
51015,0.1896,0.0373,0.4767
51017,0.48529999999999995,0.09649999999999992,0.25239999999999996
51019,0.3942,0.19009999999999994,0.2006
51021,0.9993,0.9672,0.008900000000000019
51023,0.5568,0.08009999999999995,0.13929999999999998
51025,0.8425,0.371,0.06309999999999993
51027,0.3769,0.5455,0.6576
51029,0.3732,0.07229999999999992,0.2076
51031,0.2279,0.17489999999999994,0.29789999999999994
51033,0.32230000000000003,0.1352,0.18689999999999996
51035,0.09560000000000002,0.7874,0.947
51036,0.5084,0.18369999999999997,0.13839999999999997
51037,0.7259,0.3198,0.046599999999999975
51041,0.6876,0.23409999999999997,0.11059999999999992
51043,0.1139,0.09619999999999995,0.8317
51045,0.5284,0.07450000000000001,0.4477
51047,0.28059999999999996,0.04899999999999993,0.42710000000000004
51049,0.5358,0.05049999999999999,0.15679999999999994
51051,0.5637,0.24839999999999995,0.4839
51053,0.8235,0.3026,0.04169999999999996
51057,0.29689999999999994,0.0806,0.2228
51059,0.1381,0.30899999999999994,0.6647000000000001
51061,0.19989999999999997,0.1874,0.6232
51063,0.13090000000000002,0.12669999999999992,0.8524
51065,0.19829999999999992,0.016599999999999948,0.6018
51067,0.534,0.5298,0.32130000000000003
51069,0.19309999999999994,0.010299999999999976,0.7341
51071,0.9878,0.9752,0.019899999999999918
51073,0.4786,0.26259999999999994,0.1935
51075,0.5359,0.04489999999999994,0.3419
51077,0.44289999999999996,0.9673,0.9278
51079,0.2278,0.09670000000000001,0.38349999999999995
51081,0.8622,0.7315,0.11329999999999996
51083,0.8004,0.5399,0.015100000000000002
51085,0.44799999999999995,0.05149999999999999,0.40659999999999996
51087,0.605,0.09589999999999999,0.2007
51089,0.7511,0.6674,0.2771
51091,0.6219,0.05389999999999995,0.19640000000000002
51093,0.774,0.5572999999999999,0.19589999999999996
51095,0.4698,0.16179999999999994,0.23629999999999995
51097,0.3278,0.04789999999999994,0.1511
51099,0.2611,0.19699999999999995,0.3457
51101,0.3479,0.06829999999999992,0.19499999999999995
51103,0.5717,0.20319999999999994,0.08739999999999992
51105,0.8002,0.9991,0.4253
51107,0.08409999999999995,0.4575,0.8356
51109,0.3225,0.038999999999999924,0.25059999999999993
51111,0.9061,0.4669,0.01969999999999994
51113,0.21229999999999993,0.07729999999999992,0.3628
51115,0.6522,0.7891,0.13879999999999992
51117,0.8751,0.5991,0.08709999999999996
51119,0.5291,0.252,0.11619999999999997
51121,0.6665,0.38849999999999996,0.2217
51125,0.10799999999999998,0.8128,0.7779
51127,0.4023,0.07209999999999994,0.17420000000000002
51131,0.7799,0.8933,0.1261
51133,0.5251,0.33629999999999993,0.0826
51135,0.815,0.40049999999999997,0.15389999999999993
51137,0.19940000000000002,0.16159999999999997,0.46950000000000003
51139,0.1129,0.6871,0.5719
51141,0.4082,0.6,0.4456
51143,0.6392,0.7034,0.14859999999999995
51145,0.49660000000000004,0.19679999999999997,0.30709999999999993
51147,0.6276999999999999,0.2631,0.07219999999999993
51149,0.6962999999999999,0.40869999999999995,0.04579999999999995
51153,0.2107,0.03359999999999996,0.4961
51155,0.7010000000000001,0.8691,0.22109999999999996
51157,0.20640000000000003,0.4809,0.5889
51159,0.346,0.09160000000000001,0.20699999999999996
51161,0.47850000000000004,0.03689999999999993,0.382
51163,0.23429999999999995,0.0413,0.4144
51165,0.14149999999999996,0.6396,0.4555
51167,0.39149999999999996,0.19579999999999997,0.7218
51169,0.8347,0.8848,0.16199999999999992
51171,0.20389999999999997,0.47519999999999996,0.5368999999999999
51173,0.7013,0.3953,0.7184999999999999
51175,0.8915,0.8063,0.08879999999999999
51177,0.24919999999999998,0.14600000000000002,0.5143
51179,0.19140000000000001,0.49959999999999993,0.3779
51181,0.5658,0.33840000000000003,0.22539999999999993
51183,0.8476,0.3556,0.05589999999999995
51185,0.7083999999999999,0.86,0.569
51187,0.1894,0.21429999999999993,0.5103
51191,0.7058,0.24619999999999997,0.7099
51193,0.2669,0.040999999999999925,0.27669999999999995
51195,0.508,0.24009999999999998,0.3358
51197,0.4787,0.46929999999999994,0.7034
51550,0.7063999999999999,0.8504,0.16899999999999993
51800,0.8913,0.9382,0.1179
51810,0.8073,0.3806999999999999,0.17909999999999993
53001,0.46519999999999995,0.019399999999999973,0.364
53005,0.4878,0.9360999999999999,0.8300000000000001
53021,0.9337,0.5609999999999999,0.19379999999999997
53025,0.1402,0.0047999999999999154,0.5572999999999999
53037,0.0,0.0,0.7544
53071,0.9304,0.3974,0.1461
53077,0.10649999999999993,0.0786,0.9256
54001,0.10959999999999992,0.03279999999999994,0.8848
54003,0.08849999999999991,0.42969999999999997,0.935
54007,0.20699999999999996,0.6094999999999999,0.9348
54009,0.19619999999999993,0.37529999999999997,0.8813
54011,0.4223,0.4115,0.5546
54013,0.6898,0.5528,0.3677
54017,0.269,0.6231,0.8829
54019,0.7448,0.06319999999999992,0.09799999999999998
54021,0.20540000000000003,0.0786,0.8598
54023,0.26069999999999993,0.19209999999999994,0.692
54025,0.2599,0.38239999999999996,0.7787999999999999
54027,0.4445,0.1451,0.5785
54031,0.3742,0.05879999999999996,0.31479999999999997
54035,0.3185,0.588,0.7001
54037,0.10980000000000001,0.09589999999999999,0.8436
54041,0.8138,0.5751,0.263
54043,0.5052,0.6804,0.6053
54051,0.07909999999999995,0.7338,0.9728
54053,0.496,0.5485,0.49060000000000004
54055,0.5565,0.39569999999999994,0.6462
54057,0.3226,0.18409999999999993,0.6075999999999999
54061,0.7638,0.38349999999999995,0.24309999999999998
54063,0.46640000000000004,0.5645,0.5086999999999999
54065,0.13590000000000002,0.36119999999999997,0.857
54067,0.20829999999999993,0.5096,0.8742
54069,0.07679999999999998,0.3298,0.9593
54071,0.2217,0.34719999999999995,0.6841999999999999
54073,0.19679999999999997,0.4878,0.9501
54075,0.38459999999999994,0.3647,0.7111000000000001
54077,0.3104,0.2207,0.544
54079,0.3571,0.6207,0.649
54083,0.25459999999999994,0.10259999999999991,0.7689
54085,0.3688,0.5002,0.6936
54087,0.4182,0.8168,0.4535
54089,0.7449,0.9351,0.1583
54091,0.8349,0.8295,0.2378
54093,0.6577999999999999,0.48919999999999997,0.18219999999999992
54095,0.1461,0.7102999999999999,0.9904
54097,0.858,0.8199,0.21819999999999995
54099,0.556,0.8341000000000001,0.5983
54103,0.13379999999999992,0.1451,0.9655
54105,0.23559999999999992,0.4367,0.8953
54107,0.32519999999999993,0.46809999999999996,0.8615
55001,0.14359999999999995,0.15579999999999994,0.8201
55003,0.9269,0.7565999999999999,0.12280000000000002
55005,0.0042999999999999705,0.2167,0.9621
55007,0.569,0.22929999999999995,0.5914999999999999
55009,0.9946,0.9748,0.12019999999999997
55011,0.0006999999999999229,0.5168999999999999,1.0
55013,0.0,0.05999999999999994,1.0
55015,0.9221,0.7952,0.17859999999999998
55017,0.009899999999999909,0.7854,0.9044
55019,0.5117,0.42069999999999996,0.45389999999999997
55021,0.2677999999999999,0.1744,0.8552
55023,0.03639999999999999,0.007199999999999984,0.9541999999999999
55025,0.061899999999999955,0.036799999999999944,0.9505
55027,0.7323,0.5103,0.5913999999999999
55029,0.7025,0.7002999999999999,0.4174
55031,0.00019999999999997797,0.14159999999999995,0.9998
55033,0.0,0.024399999999999977,1.0
55035,0.0,0.0022999999999999687,1.0
55037,0.9813,0.8146,0.0504
55039,0.841,0.8859,0.269
55041,0.8082,0.6294,0.6025
55043,0.00019999999999997797,0.0020999999999999908,1.0
55045,0.005299999999999971,9.999999999998899e-05,0.9983
55047,0.3913,0.052999999999999936,0.7015
55049,0.00019999999999997797,0.008900000000000019,1.0
55053,0.0947,0.01869999999999994,0.905
55055,0.14229999999999998,0.48350000000000004,0.9522
55057,0.09099999999999997,0.5153,0.9064
55059,0.16999999999999993,0.1683,0.8576
55061,0.9702,0.906,0.15639999999999998
55063,0.06329999999999991,0.6091,0.9382
55065,0.00019999999999997797,0.013799999999999923,1.0
55067,0.352,0.516,0.7585999999999999
55069,0.9523,0.5314,0.04469999999999996
55071,0.9082,0.9861,0.12929999999999997
55073,0.41289999999999993,0.7743,0.7948
55075,0.9992,0.6264000000000001,0.015699999999999936
55077,0.30089999999999995,0.014899999999999913,0.7234
55079,0.22419999999999995,0.2067,0.8302
55081,0.09160000000000001,0.05019999999999991,0.9047
55083,0.9982,0.8668,0.012499999999999956
55087,0.9843,0.6851,0.08429999999999993
55089,0.6405000000000001,0.5925,0.536
55091,0.0,0.01189999999999991,1.0
55093,0.0,0.07609999999999995,1.0
55095,0.0011999999999999789,0.46529999999999994,0.9994
55097,0.5912,0.5827,0.6188
55099,0.9899,0.7964,0.06259999999999999
55101,0.38349999999999995,0.18519999999999992,0.7063999999999999
55103,0.0024999999999999467,0.0010999999999999899,0.9945
55105,0.08289999999999997,0.05789999999999995,0.9495
55107,0.32709999999999995,0.6487,0.75
55109,0.0,0.0014999999999999458,1.0
55111,0.047799999999999954,0.008199999999999985,0.9528
55113,0.21699999999999997,0.04289999999999994,0.6944
55115,0.9501,0.919,0.2963
55117,0.7971,0.9302,0.2612
55119,0.6139,0.5839,0.4484
55121,0.04609999999999992,0.12990000000000002,0.9554
55123,0.04799999999999993,0.056499999999999995,0.9527
55127,0.10839999999999994,0.3658,0.9264
55129,0.0006999999999999229,0.01869999999999994,0.9902
55131,0.34950000000000003,0.4487,0.8022
55133,0.11780000000000002,0.643,0.9127
55135,0.4636,0.859,0.7408
55137,0.4327,0.7309,0.6763
55139,0.7054,0.44530000000000003,0.3408
55141,0.32819999999999994,0.19069999999999998,0.6797
56003,0.6324000000000001,0.6234999999999999,0.47439999999999993
56009,0.6865,0.3328,0.3035
56013,0.9609,0.9509,0.19219999999999993
56015,0.9767,0.8403,0.03859999999999997
56017,0.2882,0.011399999999999966,0.23149999999999993
56021,0.9837,0.5874999999999999,0.03749999999999998
56025,0.5563,0.2783,0.7070000000000001
56029,1.0,0.9864,0.005799999999999916
56031,0.819,0.6638,0.28379999999999994
56043,0.344,0.3116,0.7024
