GEOID,gmfd_mad,gmfd_sd
01001,0.8019000000000001,0.8568
01003,0.9625,0.9995
01005,0.8135,0.9827
01007,0.7348,0.8035
01009,0.8538,0.6105
01011,0.41279999999999994,0.9575
01013,0.7959,0.96
01015,0.7907,0.7121
01017,0.9154,0.922
01019,0.8523000000000001,0.7374
01021,0.6622,0.779
01023,0.851,0.9328
01025,0.8153,0.9651
01027,0.8364,0.7183999999999999
01029,0.9672,0.7978000000000001
01031,0.7231000000000001,0.9912
01033,0.5585,0.5683
01035,0.838,0.9516
01037,0.45740000000000003,0.6624
01039,0.5621,0.9912
01041,0.7197,0.9614
01043,0.8091,0.4909
01045,0.8981,0.993
01047,0.8396,0.9264
01049,0.8052,0.7087
01051,0.4385,0.7753
01053,0.9312,0.9829
01055,0.7068,0.7434000000000001
01057,0.9032,0.7968
01059,0.6204000000000001,0.6508
01061,0.7681,0.9963
01063,0.7465999999999999,0.8821
01065,0.5899,0.8494
01067,0.8959,0.9914
01069,0.9157,0.9973
01071,0.7718,0.7283999999999999
01073,0.6606000000000001,0.6231
01075,0.9825,0.889
01077,0.7206,0.6023000000000001
01079,0.895,0.5506
01081,0.9152,0.9451
01083,0.9103,0.5549
01085,0.642,0.9262
01087,0.5697,0.9365
01089,0.9339,0.6751
01091,0.7801,0.9084
01093,0.9420999999999999,0.7925
01095,0.8826,0.7218
01097,0.9994,0.9998
01099,0.9343,0.9571
01101,0.603,0.8516
01103,0.9045,0.5597
01105,0.706,0.8989
01107,0.7121,0.8955
01109,0.728,0.9682999999999999
01111,0.9363,0.862
01113,0.9044,0.9516
01115,0.7305999999999999,0.6691
01117,0.6612,0.6742
01119,0.8049999999999999,0.8887
01121,0.5956,0.6533
01123,0.6329,0.8306
01125,0.6398999999999999,0.7374
01127,0.7725,0.663
01129,0.9597,0.9944
01131,0.8893,0.9424
01133,0.7119,0.6331
04001,0.8036,0.852
04003,0.5664,0.36939999999999995
04005,0.3748,0.505
04007,0.006399999999999961,0.14989999999999992
04009,0.5072,0.5342
04011,0.7639,0.9522
04012,0.007399999999999962,0.0041999999999999815
04013,0.0034999999999999476,0.0005999999999999339
04015,0.0796,0.02859999999999996
04017,0.3347,0.6561
04019,0.00979999999999992,0.02179999999999993
04021,0.016199999999999992,0.0040999999999999925
04023,0.5655,0.17989999999999995
04025,0.006000000000000005,0.06369999999999998
04027,0.0004999999999999449,0.0019000000000000128
05001,0.8301000000000001,0.8384
05003,0.8762,0.9567
05005,0.6766,0.5495
05007,0.9442,0.8342
05009,0.5235,0.6183000000000001
05011,0.5476,0.9438
05013,0.6660999999999999,0.9443
05015,0.4505,0.6234
05017,0.7335,0.9206
05019,0.7337,0.9496
05021,0.8573999999999999,0.48119999999999996
05023,0.5446,0.7264999999999999
05025,0.8566,0.8657
05027,0.5112,0.9872
05029,0.24159999999999993,0.6925
05031,0.9221,0.5267
05033,0.9908,0.9016
05035,0.8081,0.8009999999999999
05037,0.8771,0.7184999999999999
05039,0.7626,0.9052
05041,0.9368,0.9044
05043,0.7769,0.9315
05045,0.49160000000000004,0.7155
05047,0.9656,0.9174
05049,0.7804,0.5388
05051,0.6387,0.9302
05053,0.5861000000000001,0.8314
05055,0.9034,0.3982
05057,0.7807,0.9757
05059,0.7081,0.9253
05061,0.8284,0.9777
05063,0.8703000000000001,0.6373
05065,0.3308,0.5925
05067,0.9397,0.5310999999999999
05069,0.7756000000000001,0.7939
05071,0.5876,0.857
05073,0.6687000000000001,0.9842
05075,0.9282,0.4729
05077,0.47409999999999997,0.7537
05079,0.9156,0.868
05081,0.7157,0.9843
05083,0.8367,0.903
05085,0.8183,0.7596
05087,0.7307,0.7978000000000001
05089,0.7026,0.5952
05091,0.6327,0.9815
05093,0.7796,0.6706
05095,0.38349999999999995,0.7444
05097,0.6991,0.956
05099,0.7123999999999999,0.9706
05101,0.42310000000000003,0.7254
05103,0.5330999999999999,0.9613
05105,0.20709999999999995,0.855
05107,0.5227999999999999,0.7881
05109,0.9102,0.9711
05111,0.8091,0.639
05113,0.8751,0.9659
05115,0.2834,0.7965
05117,0.6875,0.7384999999999999
05119,0.7608,0.7628
05121,0.737,0.4982
05123,0.7383,0.7501
05125,0.6044,0.8414
05127,0.9235,0.9535
05129,0.45909999999999995,0.6602
05131,0.9916,0.9384
05133,0.6396,0.9795
05135,0.5269999999999999,0.5711999999999999
05137,0.5382,0.6679999999999999
05139,0.6939,0.9806
05141,0.29510000000000003,0.6720999999999999
05143,0.9838,0.8847
05145,0.9329,0.7364999999999999
05147,0.7354,0.6348
05149,0.5725,0.9103
06001,0.6361,0.12780000000000002
06003,0.030200000000000005,0.1745
06005,0.32419999999999993,0.32199999999999995
06007,0.055300000000000016,0.38569999999999993
06009,0.18819999999999992,0.34129999999999994
06011,0.6113,0.20889999999999997
06013,0.41289999999999993,0.13219999999999998
06015,0.9708,0.9129
06017,0.06459999999999999,0.27159999999999995
06019,0.0050000000000000044,0.1825
06021,0.24619999999999997,0.14749999999999996
06023,0.05889999999999995,0.08179999999999998
06025,0.00029999999999996696,0.005499999999999949
06027,0.012899999999999912,0.20819999999999994
06029,0.024699999999999944,0.049799999999999955
06031,0.0040999999999999925,0.019199999999999995
06033,0.5751999999999999,0.2925
06035,0.1279,0.053199999999999914
06037,0.0,9.999999999998899e-05
06039,0.0010000000000000009,0.05569999999999997
06041,0.7414000000000001,0.41800000000000004
06043,0.006900000000000017,0.08389999999999997
06045,0.43599999999999994,0.5788
06047,0.35319999999999996,0.21839999999999993
06049,0.027799999999999936,0.3227
06051,0.21809999999999996,0.7082999999999999
06053,0.7521,0.4144
06055,0.3599,0.4033
06057,0.5217,0.16179999999999994
06059,9.999999999998899e-05,0.0
06061,0.18419999999999992,0.21139999999999992
06063,0.33409999999999995,0.07179999999999997
06065,0.0044999999999999485,0.04789999999999994
06067,0.34019999999999995,0.14839999999999998
06069,0.8198,0.4887
06071,0.006900000000000017,0.125
06073,0.0032999999999999696,0.03620000000000001
06075,0.8737,0.6229
06077,0.3194,0.14659999999999995
06079,0.2935,0.09609999999999996
06081,0.22619999999999996,0.3040999999999999
06083,0.2985,0.07319999999999993
06085,0.9527,0.5255
06087,0.8913,0.5006999999999999
06089,0.23019999999999996,0.20129999999999992
06091,0.23849999999999993,0.060799999999999965
06093,0.1321,0.1825
06095,0.627,0.22399999999999998
06097,0.30799999999999994,0.483
06099,0.7101,0.2909999999999999
06101,0.3808,0.14839999999999998
06103,0.07099999999999995,0.21309999999999996
06105,0.1572,0.06919999999999993
06107,0.048899999999999944,0.29079999999999995
06109,0.012299999999999978,0.27469999999999994
06111,0.0017999999999999128,0.01849999999999996
06113,0.6277999999999999,0.2389
06115,0.5025999999999999,0.21039999999999992
08001,0.7398,0.9671
08003,0.9813,1.0
08005,0.9129,0.9731
08007,0.9962,0.9604
08009,0.9679,0.9837
08011,0.4901,0.9697
08013,0.8373,0.978
08014,0.6906,0.9722999999999999
08015,0.9678,0.9991
08017,0.7169,0.96
08019,0.8798,0.9959
08021,0.9975,0.9993
08023,0.9753000000000001,1.0
08025,0.6017,0.9203
08027,0.9647,0.9995
08029,0.7901,0.988
08031,0.8858,0.962
08033,0.8969,0.9702
08035,0.8815,0.9915
08037,0.9759,0.9965
08039,0.9198,0.9688
08041,0.9181,0.9737
08043,0.8565,0.9991
08045,0.9872,0.9843
08047,0.8788,0.9834
08049,0.9505,0.9962
08051,0.9765,0.9945
08053,0.9983,0.9984
08055,0.7933,0.9982
08057,0.8624,0.9923
08059,0.8849,0.991
08061,0.6131,0.9709
08063,0.7092,0.97
08065,0.9687,0.9938
08067,0.9856,0.9568
08069,0.8344,0.9899
08071,0.8996,0.9924
08073,0.5723,0.9236
08075,0.8317,0.9557
08077,0.9382,0.9794
08079,0.9995,0.999
08081,0.8335,0.9672
08083,0.8988,0.9697
08085,0.8521,0.9913
08087,0.762,0.948
08089,0.677,0.9438
08091,0.9721,0.9979
08093,0.995,0.9992
08095,0.8767,0.9611
08097,0.9771,0.9873
08099,0.913,0.9886
08101,0.6009,0.9478
08103,0.9813,0.984
08105,0.9987,0.9996
08107,0.9075,0.9923
08109,0.9982,0.9996
08111,0.9988,0.9996
08113,0.9297,0.9833
08115,0.8585,0.9358
08117,0.9677,0.9974
08119,0.9886,0.9986
08121,0.8316,0.9677
08123,0.7464999999999999,0.962
08125,0.9319,0.9742
09001,0.5268999999999999,0.7921
09003,0.6112,0.7759
09005,0.6874,0.8612
09007,0.9132,0.8085
09009,0.8170999999999999,0.8025
09011,0.9377,0.8185
09013,0.5372,0.9019
09015,0.5509999999999999,0.8216
10001,0.899,0.8224
10003,0.5725,0.6867
10005,0.8293,0.9152
11001,0.3318,0.5919
12001,0.9352,0.9993
12003,0.9571,0.9991
12005,0.9231,0.9992
12007,0.952,0.999
12009,0.9919,1.0
12011,0.9603,0.9921
12013,0.9525,0.9977
12015,0.9388,0.9988
12017,0.9827,0.9996
12019,0.964,0.9983
12021,0.9198,0.9966
12023,0.9889,0.9998
12027,0.8975,0.9987
12029,0.9933,0.9998
12031,0.9748,0.9979
12033,0.9456,0.9949
12035,0.9420999999999999,1.0
12037,0.9334,0.9994
12039,0.895,0.9993
12041,0.9893,0.9998
12043,0.8832,0.9965
12045,0.91,0.998
12047,0.9948,0.9999
12049,0.9669,0.9998
12051,0.9442,0.9906
12053,0.984,0.9998
12055,0.9262,0.9997
12057,0.9879,0.9998
12059,0.9094,0.9987
12061,0.9948,0.9998
12063,0.823,0.9985
12065,0.9658,0.9993
12067,0.9824,1.0
12069,0.9941,1.0
12071,0.9833,0.9974
12073,0.9852,0.9989
12075,0.9856,0.9999
12077,0.9286,0.9991
12079,0.9315,0.9997
12081,0.9561,0.9995
12083,0.9892,0.9996
12085,0.987,0.9993
12086,0.9509,0.9953
12087,0.994,0.9999
12089,0.9753000000000001,0.999
12091,0.9473,0.9986
12093,0.9186,0.9998
12095,0.9963,1.0
12097,0.9911,1.0
12099,0.9333,0.996
12101,0.9902,0.9999
12103,0.9679,0.9995
12105,0.9832,1.0
12107,0.9759,0.9995
12109,0.9485,0.9993
12111,0.9889,0.9996
12113,0.9161,0.9947
12115,0.9835,0.9993
12117,0.9967,1.0
12119,0.9517,1.0
12121,0.9805,1.0
12123,0.9795,0.9992
12125,0.9667,0.9994
12127,0.9881,0.9997
12129,0.9282,0.9992
12131,0.8531,0.9988
12133,0.9544,0.9989
13001,0.9883,0.9997
13003,0.9965,1.0
13005,0.9769,0.9999
13007,0.993,0.9992
13009,0.9864,0.9657
13011,0.7718,0.8091
13013,0.5021,0.6565
13015,0.92,0.7666
13017,0.9419,0.999
13019,0.9822,1.0
13021,0.8156,0.9857
13023,0.8503000000000001,0.9906
13025,0.9945,1.0
13027,0.9584,0.9996
13029,0.9689,0.9841
13031,0.9927,0.9905
13033,0.9929,0.987
13035,0.8963,0.9449
13037,0.9926,0.9983
13039,0.9512,0.9994
13043,0.8956999999999999,0.9952
13045,0.9545,0.8721
13047,0.5332,0.23370000000000002
13049,0.9938,1.0
13051,0.9028,0.9919
13053,0.9821,0.9679
13055,0.6083000000000001,0.5026999999999999
13057,0.9592,0.8278
13059,0.5542,0.8188
13061,0.9657,0.9928
13063,0.3579,0.7176
13065,0.9963,1.0
13067,0.6186,0.6981999999999999
13069,0.9889,0.9999
13071,0.9854,0.9992
13073,0.9759,0.9398
13075,0.9872,0.9996
13077,0.9462,0.9533
13079,0.944,0.9952
13081,0.9994,0.9993
13083,0.5057,0.4314
13085,0.9062,0.8598
13087,0.8941,0.9993
13089,0.3791,0.5448999999999999
13091,0.9036,0.995
13093,0.998,0.9981
13095,0.9964,0.9997
13097,0.7488,0.7865
13099,0.974,0.9968
13101,0.9986,0.9998
13103,0.9788,0.9708
13105,0.6257999999999999,0.7773
13107,0.9509,0.9924
13109,0.9773,0.9967
13111,0.9571,0.7722
13113,0.893,0.9335
13115,0.9295,0.6696
13117,0.8333,0.8135
13119,0.7204999999999999,0.8338
13121,0.3732,0.7092
13123,0.9462,0.7793
13125,0.9778,0.9623
13127,0.9587,0.9982
13129,0.7989999999999999,0.6937
13131,0.9931,0.9998
13133,0.8133,0.9197
13135,0.5885,0.6043000000000001
13137,0.8362,0.9267
13139,0.8296,0.761
13141,0.9808,0.9601
13143,0.9408,0.8142
13145,0.9053,0.9793
13147,0.6777,0.8076
13149,0.9777,0.9369
13151,0.7377,0.8736
13153,0.9992,0.9963
13155,0.9832,0.9996
13157,0.4043,0.6852
13159,0.9549,0.9292
13161,0.9412,0.9999
13163,0.9828,0.9821
13165,0.9816,0.984
13167,0.9799,0.9906
13169,0.9306,0.9707
13171,0.9859,0.988
13173,0.9963,1.0
13175,0.9718,0.9884
13177,0.9967,0.9993
13179,0.9473,0.9929
13181,0.7689,0.8501
13183,0.938,0.9979
13185,0.9619,0.9998
13187,0.7414000000000001,0.8687
13189,0.9525,0.9304
13191,0.8677,0.9948
13193,0.9867,0.9985
13195,0.7049,0.8018000000000001
13197,0.9953,0.9929
13199,0.9343,0.9854
13201,0.9652,0.9986
13205,0.9945,0.9996
13207,0.9571,0.9851
13209,0.8378,0.9974
13211,0.8200000000000001,0.8704000000000001
13213,0.8812,0.6739999999999999
13215,0.9273,0.978
13217,0.7255,0.7893
13219,0.48,0.812
13221,0.5423,0.8324
13223,0.8907,0.7671
13225,0.9529,0.9946
13227,0.9672,0.8218
13229,0.9287,0.9998
13231,0.9871,0.9903
13233,0.9333,0.7826
13235,0.8887,0.9972
13237,0.9719,0.9429
13239,0.8162,0.9869
13241,0.8677,0.9518
13243,0.984,0.996
13245,0.9784,0.9739
13247,0.6935,0.6428
13249,0.9969,0.9978
13251,0.9885,0.9808
13253,0.8318,0.9981
13255,0.9414,0.9746
13257,0.8852,0.9007
13259,0.9485,0.968
13261,0.9985,0.9991
13263,0.9679,0.9887
13265,0.7846,0.8434
13267,0.9094,0.9985
13269,0.9768,0.9947
13271,0.9359,0.9989
13273,0.9984,0.9986
13275,0.9889,0.9996
13277,0.9948,0.9999
13279,0.9157,0.9988
13281,0.852,0.8987
13283,0.8455,0.9945
13285,0.9921,0.9719
13287,0.9805,0.9995
13289,0.8855,0.9854
13291,0.9153,0.837
13293,0.9776,0.9939
13295,0.6111,0.3224
13297,0.4736,0.6957
13299,0.9931,0.9998
13301,0.9879,0.9232
13303,0.9919,0.9815
13305,0.9567,0.9999
13307,0.9985,0.9938
13309,0.8848,0.998
13311,0.7157,0.9096
13313,0.5623,0.5005
13315,0.8174,0.9988
13317,0.5811999999999999,0.7648
13319,0.9924,0.9805
13321,0.9929,0.9999
16001,0.5421,0.6888000000000001
16003,0.6979,0.9581
16005,0.6263,0.7912
16007,0.7363,0.8218
16009,0.6689,0.9044
16011,0.8635,0.91
16013,0.6913,0.8744000000000001
16015,0.4858,0.737
16017,0.9792,0.9194
16019,0.9047,0.8973
16021,0.7812,0.7231000000000001
16023,0.8262,0.8878
16025,0.28049999999999997,0.7886
16027,0.4337,0.8471
16029,0.6025,0.8200000000000001
16031,0.48839999999999995,0.7925
16033,0.8708,0.8467
16035,0.7206,0.9613
16037,0.7004,0.8333
16039,0.34119999999999995,0.7129
16041,0.5051,0.6028
16043,0.9089,0.8793
16045,0.38549999999999995,0.8322
16047,0.20440000000000003,0.795
16049,0.6754,0.9577
16051,0.8977999999999999,0.9007
16053,0.25329999999999997,0.7150000000000001
16055,0.738,0.9332
16057,0.6611,0.949
16059,0.9499,0.9202
16061,0.6231,0.9879
16063,0.42079999999999995,0.7913
16065,0.9389,0.8992
16067,0.6144000000000001,0.8316
16069,0.7436,0.9779
16071,0.4071,0.6841999999999999
16073,0.5104,0.6876
16075,0.46409999999999996,0.8789
16077,0.6906,0.8976
16079,0.7884,0.8828
16081,0.9168,0.9032
16083,0.28200000000000003,0.7394000000000001
16085,0.2934,0.8694999999999999
16087,0.7146,0.8956999999999999
17001,0.6912,0.30189999999999995
17003,0.6517,0.35039999999999993
17005,0.1643,0.1169
17007,0.7678,0.15089999999999992
17009,0.19019999999999992,0.17609999999999992
17011,0.7047,0.14359999999999995
17013,0.3315,0.1875
17015,0.5829,0.3618
17017,0.25680000000000003,0.09429999999999994
17019,0.6075999999999999,0.2986
17021,0.37949999999999995,0.22499999999999998
17023,0.8300000000000001,0.22460000000000002
17025,0.7243999999999999,0.3085
17027,0.1896,0.09960000000000002
17029,0.8323,0.3456
17031,0.4082,0.0373
17033,0.7643,0.24280000000000002
17035,0.7299,0.29569999999999996
17037,0.8627,0.14189999999999992
17039,0.49859999999999993,0.241
17041,0.5710999999999999,0.36019999999999996
17043,0.4434,0.03199999999999992
17045,0.7053,0.2622
17047,0.8555,0.23959999999999992
17049,0.6893,0.2881
17051,0.6787,0.25449999999999995
17053,0.6414,0.1997
17055,0.22009999999999996,0.137
17057,0.32419999999999993,0.09129999999999994
17059,0.43299999999999994,0.17079999999999995
17061,0.43509999999999993,0.18599999999999994
17063,0.7881,0.11649999999999994
17065,0.44420000000000004,0.1925
17067,0.20699999999999996,0.1835
17069,0.3477,0.17920000000000003
17071,0.29999999999999993,0.11980000000000002
17073,0.6914,0.11259999999999992
17075,0.6914,0.17049999999999998
17077,0.514,0.1926
17079,0.8955,0.27569999999999995
17081,0.2984,0.19640000000000002
17083,0.4,0.11580000000000001
17085,0.5878,0.35129999999999995
17087,0.4425,0.23099999999999998
17089,0.6516,0.0736
17091,0.6922999999999999,0.11549999999999994
17093,0.722,0.07289999999999996
17095,0.43709999999999993,0.08709999999999996
17097,0.24969999999999992,0.0605
17099,0.7192000000000001,0.1876
17101,0.737,0.22729999999999995
17103,0.6601,0.17759999999999998
17105,0.7022999999999999,0.15659999999999996
17107,0.35129999999999995,0.1733
17109,0.21450000000000002,0.1189
17111,0.5127999999999999,0.10229999999999995
17113,0.5708,0.16689999999999994
17115,0.48029999999999995,0.24209999999999998
17117,0.14139999999999997,0.11099999999999999
17119,0.33199999999999996,0.040899999999999936
17121,0.4395,0.31009999999999993
17123,0.8577,0.11649999999999994
17125,0.20739999999999992,0.11729999999999996
17127,0.5865,0.32530000000000003
17129,0.28789999999999993,0.1189
17131,0.7888,0.07679999999999998
17133,0.3359,0.07789999999999997
17135,0.1522,0.10919999999999996
17137,0.16820000000000002,0.08129999999999993
17139,0.5312,0.34529999999999994
17141,0.6796,0.20709999999999995
17143,0.22409999999999997,0.05689999999999995
17145,0.22509999999999997,0.09089999999999998
17147,0.38259999999999994,0.32499999999999996
17149,0.4423,0.27949999999999997
17151,0.5162,0.2198
17153,0.3954,0.3067
17155,0.825,0.13129999999999997
17157,0.1835,0.07939999999999992
17159,0.6638999999999999,0.27079999999999993
17161,0.7542,0.09829999999999994
17163,0.18319999999999992,0.028899999999999926
17165,0.3060999999999999,0.13890000000000002
17167,0.1259,0.09499999999999997
17169,0.12369999999999992,0.13539999999999996
17171,0.28079999999999994,0.11759999999999993
17173,0.6517999999999999,0.3010999999999999
17175,0.40679999999999994,0.0756
17177,0.4123,0.3052
17179,0.2925,0.10449999999999993
17181,0.5233,0.27849999999999997
17183,0.7834,0.23060000000000003
17185,0.752,0.1855
17187,0.33699999999999997,0.12019999999999997
17189,0.27179999999999993,0.05879999999999996
17191,0.6469,0.28959999999999997
17193,0.5364,0.20699999999999996
17195,0.7058,0.22199999999999998
17197,0.638,0.06099999999999994
17199,0.373,0.16949999999999998
17201,0.6124,0.16559999999999997
17203,0.8677,0.11699999999999999
18001,0.17099999999999993,0.1523
18003,0.3014,0.14100000000000001
18005,0.5345,0.17220000000000002
18007,0.7049,0.1644
18009,0.34450000000000003,0.1462
18011,0.8498,0.15569999999999995
18013,0.585,0.15639999999999998
18015,0.7682,0.16269999999999996
18017,0.7877000000000001,0.16149999999999998
18019,0.5388,0.12649999999999995
18021,0.6042000000000001,0.1431
18023,0.9105,0.1674
18025,0.2815,0.119
18027,0.6561,0.16259999999999997
18029,0.3631,0.13979999999999992
18031,0.7498,0.17609999999999992
18033,0.22060000000000002,0.12139999999999995
18035,0.38280000000000003,0.13119999999999998
18037,0.3813,0.06689999999999996
18039,0.5381,0.07399999999999995
18041,0.5569999999999999,0.13629999999999998
18043,0.2812,0.08529999999999993
18045,0.7249,0.2108
18047,0.48849999999999993,0.14300000000000002
18049,0.3319,0.12229999999999996
18051,0.4901,0.11449999999999994
18053,0.4354,0.1493
18055,0.5997,0.18399999999999994
18057,0.7109,0.12329999999999997
18059,0.399,0.11070000000000002
18061,0.45230000000000004,0.1411
18063,0.6735,0.14169999999999994
18065,0.4555,0.12749999999999995
18067,0.7219,0.14769999999999994
18069,0.4578,0.14859999999999995
18071,0.6913,0.20399999999999996
18073,0.3185,0.11509999999999998
18075,0.3076,0.13239999999999996
18077,0.5244,0.2005
18079,0.5798,0.21609999999999996
18081,0.49970000000000003,0.14339999999999997
18083,0.7883,0.16310000000000002
18085,0.3812,0.10939999999999994
18087,0.5471999999999999,0.10649999999999993
18089,0.7018,0.054400000000000004
18091,0.2148,0.05609999999999993
18093,0.3899,0.2138
18095,0.3176,0.11039999999999994
18097,0.6804,0.13690000000000002
18099,0.3272999999999999,0.06659999999999999
18101,0.5087999999999999,0.17420000000000002
18103,0.7383,0.1623
18105,0.48749999999999993,0.16359999999999997
18107,0.7442,0.17379999999999995
18109,0.6638,0.13139999999999996
18111,0.49739999999999995,0.1169
18113,0.4075,0.09649999999999992
18115,0.759,0.1664
18117,0.3366,0.16869999999999996
18119,0.42310000000000003,0.1372
18121,0.6711,0.18219999999999992
18123,0.5700000000000001,0.06729999999999992
18125,0.3628,0.06779999999999997
18127,0.5395,0.05569999999999997
18129,0.46019999999999994,0.18069999999999997
18131,0.4233,0.12580000000000002
18133,0.5629,0.13890000000000002
18135,0.2742,0.11819999999999997
18137,0.4424,0.17709999999999992
18139,0.42989999999999995,0.13229999999999997
18141,0.245,0.027699999999999947
18143,0.6476999999999999,0.17309999999999992
18145,0.38569999999999993,0.129
18147,0.39969999999999994,0.02289999999999992
18149,0.3294,0.09009999999999996
18151,0.5094,0.12569999999999992
18153,0.8165,0.17409999999999992
18155,0.7048,0.1724
18157,0.623,0.1916
18159,0.6483,0.13319999999999999
18161,0.44830000000000003,0.1139
18163,0.5477,0.09939999999999993
18165,0.6757,0.20829999999999993
18167,0.7069,0.17159999999999997
18169,0.6615,0.1513
18171,0.7745,0.20799999999999996
18173,0.39169999999999994,0.03179999999999994
18175,0.6194999999999999,0.19099999999999995
18177,0.3892,0.12329999999999997
18179,0.3389,0.1543
18181,0.6739999999999999,0.15100000000000002
18183,0.40169999999999995,0.11709999999999998
19001,0.5876,0.4375
19003,0.26149999999999995,0.4676
19005,0.08729999999999993,0.055499999999999994
19007,0.5525,0.37729999999999997
19009,0.7212000000000001,0.5321
19011,0.21119999999999994,0.08719999999999994
19013,0.17069999999999996,0.11859999999999993
19015,0.6398999999999999,0.15400000000000003
19017,0.12280000000000002,0.12639999999999996
19019,0.16389999999999993,0.03149999999999997
19021,0.22499999999999998,0.2711
19023,0.6457999999999999,0.3005
19025,0.6998,0.3413999999999999
19027,0.7096,0.4285
19029,0.731,0.5640000000000001
19031,0.7253000000000001,0.1271
19033,0.9485,0.21439999999999992
19035,0.11229999999999996,0.24070000000000003
19037,0.0988,0.12859999999999994
19039,0.2663,0.21289999999999998
19041,0.5725,0.2881
19043,0.10139999999999993,0.04949999999999999
19045,0.7138,0.23199999999999998
19047,0.29059999999999997,0.42999999999999994
19049,0.5669,0.2511
19051,0.6357999999999999,0.30920000000000003
19053,0.33399999999999996,0.28200000000000003
19055,0.25559999999999994,0.058599999999999985
19057,0.3598,0.11259999999999992
19059,0.6528,0.19509999999999994
19061,0.5818,0.15789999999999993
19063,0.48660000000000003,0.11439999999999995
19065,0.13729999999999998,0.028999999999999915
19067,0.6735,0.25449999999999995
19069,0.879,0.23439999999999994
19071,0.5831999999999999,0.6571
19073,0.39259999999999995,0.2915
19075,0.4699,0.281
19077,0.7031000000000001,0.41379999999999995
19079,0.5745,0.13079999999999992
19081,0.9428,0.18279999999999996
19083,0.8982,0.19619999999999993
19085,0.7096,0.5648
19087,0.3741,0.12390000000000001
19089,0.2976,0.09409999999999996
19091,0.7283,0.17499999999999993
19093,0.22149999999999992,0.30479999999999996
19095,0.5521,0.08309999999999995
19097,0.7575000000000001,0.28259999999999996
19099,0.6634,0.3256
19101,0.6881999999999999,0.15300000000000002
19103,0.23260000000000003,0.06840000000000002
19105,0.5364,0.13069999999999993
19107,0.6886,0.11829999999999996
19109,0.7296,0.13990000000000002
19111,0.12480000000000002,0.1814
19113,0.3437,0.05740000000000001
19115,0.6997,0.07629999999999992
19117,0.40700000000000003,0.2663
19119,0.6331,0.20709999999999995
19121,0.35150000000000003,0.25439999999999996
19123,0.8626,0.3040999999999999
19125,0.5718,0.31120000000000003
19127,0.6897,0.2844
19129,0.4407,0.5349999999999999
19131,0.6716,0.16499999999999992
19133,0.37139999999999995,0.4717
19135,0.46329999999999993,0.35960000000000003
19137,0.5871,0.6053
19139,0.8073,0.10199999999999998
19141,0.34309999999999996,0.2556999999999999
19143,0.6418999999999999,0.239
19145,0.3093,0.5836
19147,0.8311999999999999,0.28049999999999997
19149,0.4908,0.3286
19151,0.7786,0.33329999999999993
19153,0.753,0.20540000000000003
19155,0.5886,0.5658
19157,0.47319999999999995,0.22089999999999999
19159,0.22899999999999998,0.24239999999999995
19161,0.3678,0.36049999999999993
19163,0.7843,0.14849999999999997
19165,0.47219999999999995,0.5681
19167,0.3631,0.2569
19169,0.5715,0.16459999999999997
19171,0.24509999999999998,0.2177
19173,0.17599999999999993,0.3812
19175,0.3197,0.29479999999999995
19177,0.3546,0.2318
19179,0.6445000000000001,0.2549
19181,0.26749999999999996,0.16849999999999998
19183,0.6432,0.0695
19185,0.23170000000000002,0.34939999999999993
19187,0.8086,0.1753
19189,0.7454000000000001,0.12659999999999993
19191,0.0695,0.03959999999999997
19193,0.3236,0.4095
19195,0.698,0.15839999999999999
19197,0.7954,0.15349999999999997
20001,0.518,0.6732
20003,0.3062,0.6346
20005,0.12259999999999993,0.4433
20007,0.8308,0.8657
20009,0.7734,0.9059
20011,0.11859999999999993,0.5487
20013,0.22349999999999992,0.5897
20015,0.45230000000000004,0.9105
20017,0.28989999999999994,0.8356
20019,0.8257,0.9044
20021,0.79,0.7132000000000001
20023,0.882,0.9695
20025,0.5881000000000001,0.8549
20027,0.239,0.7076
20029,0.3087,0.7843
20031,0.4346,0.6477999999999999
20033,0.31930000000000003,0.7789
20035,0.7842,0.939
20037,0.3931,0.6181
20039,0.33929999999999993,0.7276
20041,0.4577,0.7369
20043,0.3014,0.43720000000000003
20045,0.24829999999999997,0.43779999999999997
20047,0.7375,0.9104
20049,0.7402,0.8902
20051,0.5798,0.8086
20053,0.6274,0.8959
20055,0.7791,0.9333
20057,0.7691,0.8992
20059,0.31379999999999997,0.5297000000000001
20061,0.3964,0.7077
20063,0.5700000000000001,0.9014
20065,0.49339999999999995,0.7831
20067,0.6063000000000001,0.9372
20069,0.8989,0.9066
20071,0.8893,0.9873
20073,0.4554,0.859
20075,0.9017999999999999,0.9829
20077,0.7183999999999999,0.861
20079,0.6776,0.8367
20081,0.8245,0.9237
20083,0.8230999999999999,0.85
20085,0.21629999999999994,0.5816
20087,0.28669999999999995,0.4515
20089,0.43420000000000003,0.8023
20091,0.27149999999999996,0.473
20093,0.7836,0.9617
20095,0.7499,0.8822
20097,0.5344,0.8994
20099,0.8185,0.735
20101,0.6815,0.918
20103,0.3188,0.31779999999999997
20105,0.7821,0.8653
20107,0.23029999999999995,0.5947
20109,0.8691,0.9606
20111,0.5820000000000001,0.7085
20113,0.7801,0.8302
20115,0.4034,0.8492999999999999
20117,0.18269999999999997,0.6949000000000001
20119,0.8208,0.8807
20121,0.20279999999999998,0.6092
20123,0.4437,0.8265
20125,0.7277,0.7754
20127,0.23160000000000003,0.7847
20129,0.47250000000000003,0.9581999999999999
20131,0.20999999999999996,0.6709
20133,0.7561,0.6939
20135,0.6436,0.8452999999999999
20137,0.43289999999999995,0.7802
20139,0.2036,0.5845
20141,0.5969,0.8098
20143,0.3325,0.7798
20145,0.8065,0.8936
20147,0.31309999999999993,0.7567
20149,0.18230000000000002,0.6548
20151,0.6582,0.9286
20153,0.7901,0.8924
20155,0.9141,0.8876
20157,0.23819999999999997,0.7701
20159,0.8282,0.9142
20161,0.45009999999999994,0.6476999999999999
20163,0.39049999999999996,0.7723
20165,0.6088,0.8573999999999999
20167,0.499,0.8547
20169,0.5948,0.8109999999999999
20171,0.9132,0.9561999999999999
20173,0.5585,0.8344
20175,0.6849000000000001,0.9057
20177,0.21929999999999994,0.5621
20179,0.3984,0.8224
20181,0.8022,0.9688
20183,0.42469999999999997,0.7872
20185,0.7784,0.9400999999999999
20187,0.5424,0.9774
20189,0.659,0.9505
20191,0.7582,0.8725
20193,0.7792,0.9221
20195,0.5684,0.8319
20197,0.3709,0.6335
20199,0.9761,0.9798
20201,0.18230000000000002,0.6917
20203,0.8496,0.978
20205,0.6733,0.7344999999999999
20207,0.5632999999999999,0.7041999999999999
20209,0.2067,0.2784
21001,0.7387,0.40149999999999997
21003,0.9551,0.5148999999999999
21005,0.5243,0.32130000000000003
21007,0.48450000000000004,0.376
21009,0.9452,0.5536
21011,0.783,0.19909999999999994
21013,0.9777,0.5807
21015,0.6785,0.14069999999999994
21017,0.7357,0.16199999999999992
21019,0.8102,0.5630999999999999
21021,0.6124,0.2623
21023,0.6452,0.1441
21025,0.9017,0.4474
21027,0.2239,0.18709999999999993
21029,0.34199999999999997,0.14349999999999996
21031,0.9243,0.2975
21033,0.4841,0.3396
21035,0.6872,0.6049
21037,0.7076,0.15149999999999997
21039,0.5031,0.46609999999999996
21041,0.6656,0.17759999999999998
21043,0.8259,0.5203
21045,0.6204000000000001,0.29269999999999996
21047,0.6660999999999999,0.45819999999999994
21049,0.7585,0.1805
21051,0.9817,0.5263
21053,0.8287,0.49460000000000004
21055,0.4242,0.24109999999999998
21057,0.7723,0.5337000000000001
21059,0.6907,0.03620000000000001
21061,0.5215,0.38780000000000003
21063,0.855,0.5224
21065,0.9308,0.30920000000000003
21067,0.8652,0.22460000000000002
21069,0.8811,0.21409999999999996
21071,0.8894,0.5293
21073,0.5718,0.3084
21075,0.7048,0.5504
21077,0.8835999999999999,0.16149999999999998
21079,0.7894,0.17720000000000002
21081,0.7166,0.15599999999999992
21083,0.7833,0.5747
21085,0.2841,0.28659999999999997
21087,0.6656,0.4466
21089,0.782,0.5548
21091,0.29169999999999996,0.0685
21093,0.363,0.24829999999999997
21095,0.7981,0.37359999999999993
21097,0.5984,0.11239999999999994
21099,0.5722,0.43699999999999994
21101,0.6791,0.11439999999999995
21103,0.44819999999999993,0.22970000000000002
21105,0.6199,0.5450999999999999
21107,0.8121,0.2822
21109,0.9483,0.41279999999999994
21111,0.32299999999999995,0.09189999999999998
21113,0.7343999999999999,0.21799999999999997
21115,0.8471,0.5013
21117,0.8218,0.15539999999999998
21119,0.8237,0.47539999999999993
21121,0.9684,0.5589999999999999
21123,0.5803,0.33099999999999996
21125,0.8375,0.41899999999999993
21127,0.8155,0.5387
21129,0.9619,0.41279999999999994
21131,0.8543000000000001,0.39569999999999994
21133,0.6473,0.46929999999999994
21135,0.7182,0.3589
21137,0.768,0.23070000000000002
21139,0.5429999999999999,0.25739999999999996
21141,0.8193,0.4485
21143,0.5811999999999999,0.373
21145,0.6453,0.4004
21147,0.43779999999999997,0.27279999999999993
21149,0.7353000000000001,0.07629999999999992
21151,0.8613999999999999,0.18699999999999994
21153,0.9046,0.4858
21155,0.4091,0.3629
21157,0.5803,0.46440000000000003
21159,0.7751,0.5227999999999999
21161,0.7103999999999999,0.1966
21163,0.22539999999999993,0.16859999999999997
21165,0.7935,0.3537
21167,0.6216999999999999,0.2771
21169,0.763,0.5574
21171,0.9482,0.6456999999999999
21173,0.8051,0.20379999999999998
21175,0.7837000000000001,0.4508
21177,0.7507,0.24559999999999993
21179,0.5382,0.2925
21181,0.6315999999999999,0.11119999999999997
21183,0.5622,0.1582
21185,0.3278,0.13179999999999992
21187,0.8625,0.23739999999999994
21189,0.954,0.4488
21191,0.6516,0.1311
21193,0.8394,0.39269999999999994
21195,0.7532,0.5584
21197,0.9031,0.3146
21199,0.6539999999999999,0.2308
21201,0.6114999999999999,0.125
21203,0.6541,0.22260000000000002
21205,0.7241,0.3799
21207,0.7349,0.353
21209,0.8737,0.2469
21211,0.13779999999999992,0.24239999999999995
21213,0.959,0.4457
21215,0.16979999999999995,0.2279
21217,0.5929,0.39239999999999997
21219,0.8025,0.496
21221,0.7998000000000001,0.4989
21223,0.4184,0.15849999999999997
21225,0.4635,0.2097
21227,0.9109,0.396
21229,0.28300000000000003,0.3798
21231,0.8392999999999999,0.40689999999999993
21233,0.6033,0.25549999999999995
21235,0.7371,0.3287
21237,0.882,0.4053
21239,0.7062999999999999,0.27269999999999994
22001,0.8348,0.9741
22003,0.9367,0.9877
22005,0.4162,0.9587
22007,0.7806,0.9682999999999999
22009,0.8592,0.9702
22011,0.9431,0.9706
22013,0.6968,0.9802
22015,0.6525,0.9708
22017,0.5869,0.9745
22019,0.7674,0.9732
22021,0.7517,0.9869
22023,0.9492,0.9912
22025,0.7961,0.9832
22027,0.6737,0.9849
22029,0.6785,0.983
22031,0.7065,0.9673
22033,0.6509,0.9587
22035,0.777,0.9863
22037,0.9617,0.9825
22039,0.8064,0.9746
22041,0.9682,0.9871
22043,0.8436,0.9769
22045,0.7416,0.9939
22047,0.5148999999999999,0.9378
22049,0.7161,0.9879
22051,0.3617,0.9724
22053,0.8302,0.9832
22055,0.7744,0.9677
22057,0.5817,0.9881
22059,0.5818,0.9792
22061,0.6496,0.989
22063,0.5932999999999999,0.9592
22065,0.848,0.99
22067,0.8903,0.9756
22069,0.7932,0.9754
22071,0.629,0.9809
22073,0.9333,0.9892
22075,0.9728,0.9997
22077,0.7977,0.9736
22079,0.7994,0.9747
22081,0.8147,0.9665
22083,0.9856,0.9859
22085,0.8782,0.972
22087,0.9903,0.9999
22089,0.3806999999999999,0.952
22091,0.7422,0.9802
22093,0.534,0.9706
22095,0.7309,0.9629
22097,0.7851,0.9665
22099,0.6346,0.9512
22101,0.7608,0.9893
22103,0.8919,0.991
22105,0.9388,0.9746
22107,0.8708,0.986
22109,0.7107,0.9966
22111,0.8046,0.9879
22113,0.7439,0.9894
22115,0.9318,0.9851
22117,0.9218999999999999,0.9936
22119,0.7097,0.9762
22121,0.5554,0.9416
22123,0.9490999999999999,0.9809
22125,0.9268,0.9814
22127,0.7739,0.9828
23001,0.8809,0.9558
23003,0.45430000000000004,0.8722
23005,0.9487,0.9864
23007,0.7114,0.9089
23009,0.9275,0.9936
23011,0.7933,0.9862
23013,0.9893,0.9991
23015,0.968,0.9927
23017,0.6085,0.9189
23019,0.6517999999999999,0.9012
23021,0.5354,0.891
23023,0.8981,0.9788
23025,0.5655,0.8884
23027,0.8139000000000001,0.9701
23029,0.8907,0.9963
23031,0.9162,0.9895
24001,0.6719999999999999,0.33329999999999993
24003,0.6722,0.7004
24005,0.36319999999999997,0.5762
24009,0.9133,0.8687
24011,0.7011000000000001,0.8308
24013,0.28789999999999993,0.4839
24015,0.40989999999999993,0.7077
24017,0.9083,0.7464
24019,0.7605999999999999,0.9298
24021,0.37559999999999993,0.23149999999999993
24023,0.7483,0.5555
24025,0.3665999999999999,0.636
24027,0.16599999999999993,0.48819999999999997
24029,0.6171,0.7045
24031,0.2891,0.30979999999999996
24033,0.6947,0.7061
24035,0.7807999999999999,0.8084
24037,0.9596,0.9148
24039,0.9227,0.9515
24041,0.819,0.8899
24043,0.48009999999999997,0.15239999999999998
24045,0.9049,0.9416
24047,0.6736,0.9394
24510,0.41559999999999997,0.5193
25001,0.6872,0.6474
25003,0.16110000000000002,0.7469
25005,0.6034999999999999,0.49449999999999994
25007,0.625,0.15910000000000002
25009,0.5761000000000001,0.9888
25011,0.04909999999999992,0.562
25013,0.18719999999999992,0.6397999999999999
25015,0.061999999999999944,0.5549
25017,0.40149999999999997,0.9666
25019,0.8237,0.45599999999999996
25021,0.7039,0.8899
25023,0.9628,0.8
25025,0.5983,0.966
25027,0.11270000000000002,0.732
26001,0.17979999999999996,0.4779
26003,0.10389999999999999,0.048899999999999944
26005,0.8032,0.16979999999999995
26007,0.2046,0.5009
26009,0.019000000000000017,0.07989999999999997
26011,0.4315,0.29510000000000003
26013,0.027100000000000013,0.133
26015,0.9023,0.30720000000000003
26017,0.5453,0.2871
26019,0.22029999999999994,0.10459999999999992
26021,0.4313,0.05930000000000002
26023,0.3588,0.16069999999999995
26025,0.7292000000000001,0.2771
26027,0.5206,0.05509999999999993
26029,0.08619999999999994,0.21860000000000002
26031,0.43999999999999995,0.2879999999999999
26033,0.08729999999999993,0.06829999999999992
26035,0.7539,0.18230000000000002
26037,0.779,0.2863
26039,0.2349,0.10570000000000002
26041,0.44420000000000004,0.08979999999999999
26043,0.0343,0.07399999999999995
26045,0.8906,0.26990000000000003
26047,0.07340000000000002,0.2637999999999999
26049,0.7834,0.3809
26051,0.6341,0.23809999999999998
26053,0.027699999999999947,0.08399999999999996
26055,0.0024999999999999467,0.011199999999999988
26057,0.7372000000000001,0.22739999999999994
26059,0.6505,0.14579999999999993
26061,0.010000000000000009,0.14649999999999996
26063,0.6376,0.46209999999999996
26065,0.81,0.34750000000000003
26067,0.8706,0.2669
26069,0.28959999999999997,0.34909999999999997
26071,0.07819999999999994,0.0988
26073,0.8045,0.22089999999999999
26075,0.9135,0.27879999999999994
26077,0.7598,0.248
26079,0.02059999999999995,0.04520000000000002
26081,0.8288,0.22009999999999996
26083,0.016799999999999926,0.12849999999999995
26085,0.34129999999999994,0.06140000000000001
26087,0.7599,0.474
26089,0.0494,0.15959999999999996
26091,0.9576,0.16499999999999992
26093,0.8976,0.4639
26095,0.02959999999999996,0.04849999999999999
26097,0.05799999999999994,0.1452
26099,0.8092,0.37659999999999993
26101,0.47029999999999994,0.09089999999999998
26103,0.05159999999999998,0.06919999999999993
26105,0.2663,0.06640000000000001
26107,0.6262,0.16359999999999997
26109,0.12669999999999992,0.10219999999999996
26111,0.7999,0.26139999999999997
26113,0.13859999999999995,0.06159999999999999
26115,0.7166,0.18730000000000002
26117,0.7715,0.19330000000000003
26119,0.5671999999999999,0.2891
26121,0.44530000000000003,0.08299999999999996
26123,0.6669,0.12449999999999994
26125,0.9339,0.42069999999999996
26127,0.4749,0.06040000000000001
26129,0.4566,0.2128
26131,0.012599999999999945,0.20409999999999995
26133,0.31909999999999994,0.11939999999999995
26135,0.5945,0.2328
26137,0.4235,0.18479999999999996
26139,0.7032,0.14349999999999996
26141,0.17089999999999994,0.38249999999999995
26143,0.2087,0.09639999999999993
26145,0.7215,0.3307
26147,0.6898,0.4062
26149,0.7763,0.1511
26151,0.8945,0.5196000000000001
26153,0.4312,0.1471
26155,0.7912,0.3871
26157,0.6811,0.387
26159,0.7202,0.10959999999999992
26161,0.8466,0.366
26163,0.9022,0.3084
26165,0.045499999999999985,0.028799999999999937
27001,0.2157,0.050999999999999934
27003,0.11149999999999993,0.024699999999999944
27005,0.12269999999999992,0.033399999999999985
27007,0.07919999999999994,0.022199999999999998
27009,0.08099999999999996,0.0373
27011,0.502,0.09649999999999992
27013,0.4344,0.012699999999999934
27015,0.5826,0.027699999999999947
27017,0.08529999999999993,0.029799999999999938
27019,0.12449999999999994,0.005099999999999993
27021,0.1804,0.021299999999999986
27023,0.25049999999999994,0.04279999999999995
27025,0.24559999999999993,0.03949999999999998
27027,0.25159999999999993,0.06240000000000001
27029,0.14429999999999998,0.045499999999999985
27031,0.03520000000000001,0.12859999999999994
27033,0.5832999999999999,0.10709999999999997
27035,0.08429999999999993,0.018799999999999928
27037,0.04259999999999997,0.024399999999999977
27039,0.12169999999999992,0.03420000000000001
27041,0.24509999999999998,0.05469999999999997
27043,0.41479999999999995,0.04569999999999996
27045,0.5641,0.06719999999999993
27047,0.4285,0.0695
27049,0.08999999999999997,0.01539999999999997
27051,0.2158,0.04139999999999999
27053,0.05479999999999996,0.01629999999999998
27055,0.19779999999999998,0.05559999999999998
27057,0.354,0.03839999999999999
27059,0.27959999999999996,0.05569999999999997
27061,0.1724,0.012299999999999978
27063,0.6958,0.11509999999999998
27065,0.12629999999999997,0.10259999999999991
27067,0.4111,0.03510000000000002
27069,0.1552,0.028299999999999992
27071,0.1421,0.00759999999999994
27073,0.36229999999999996,0.10909999999999997
27075,0.01189999999999991,0.016199999999999992
27077,0.05259999999999998,0.011499999999999955
27079,0.10309999999999997,0.011199999999999988
27081,0.6718,0.15510000000000002
27083,0.42499999999999993,0.12739999999999996
27085,0.26539999999999997,0.007699999999999929
27087,0.1199,0.039999999999999925
27089,0.25739999999999996,0.024699999999999944
27091,0.623,0.04139999999999999
27093,0.40469999999999995,0.0242
27095,0.1785,0.09570000000000001
27097,0.16069999999999995,0.04420000000000002
27099,0.3327,0.05919999999999992
27101,0.6073999999999999,0.139
27103,0.5470999999999999,0.005599999999999938
27105,0.6335999999999999,0.18319999999999992
27107,0.17469999999999997,0.06340000000000001
27109,0.3423999999999999,0.040200000000000014
27111,0.2864,0.03739999999999999
27113,0.5419,0.027699999999999947
27115,0.277,0.06169999999999998
27117,0.7042999999999999,0.15759999999999996
27119,0.2087,0.02200000000000002
27121,0.3591,0.056599999999999984
27123,0.10499999999999998,0.020100000000000007
27125,0.4181,0.023699999999999943
27127,0.3788,0.09019999999999995
27129,0.5241,0.022199999999999998
27131,0.17489999999999994,0.04369999999999996
27133,0.712,0.18889999999999996
27135,0.136,0.02189999999999992
27137,0.13219999999999998,0.013899999999999912
27139,0.09799999999999998,0.011699999999999933
27141,0.09770000000000001,0.040899999999999936
27143,0.2841,0.0050000000000000044
27145,0.3286,0.03520000000000001
27147,0.2208,0.06219999999999992
27149,0.3637,0.050999999999999934
27151,0.32599999999999996,0.054300000000000015
27153,0.14539999999999997,0.053300000000000014
27155,0.40059999999999996,0.0766
27157,0.15279999999999994,0.025499999999999967
27159,0.2563,0.053099999999999925
27161,0.27559999999999996,0.027799999999999936
27163,0.06789999999999996,0.014100000000000001
27165,0.4282,0.03499999999999992
27167,0.2782,0.04899999999999993
27169,0.2854,0.0645
27171,0.08960000000000001,0.020299999999999985
27173,0.5174,0.07150000000000001
28001,0.6938,0.9859
28003,0.9882,0.8369
28005,0.7127,0.9923
28007,0.7293000000000001,0.9552
28009,0.9648,0.8532
28011,0.7755,0.8367
28013,0.8852,0.9393
28015,0.6052,0.9359
28017,0.8861,0.9467
28019,0.9384,0.9592
28021,0.702,0.9894
28023,0.8318,0.8923
28025,0.938,0.9477
28027,0.47309999999999997,0.7444
28029,0.8246,0.994
28031,0.8007,0.994
28033,0.9141,0.8515
28035,0.7068,0.9936
28037,0.5586,0.9908
28039,0.9969,0.9998
28041,0.9074,0.9974
28043,0.7555000000000001,0.9228
28045,0.9490999999999999,0.9994
28047,0.9868,0.9996
28049,0.9863,0.991
28051,0.8528,0.9584
28053,0.8331,0.9337
28055,0.7763,0.981
28057,0.9873,0.8919
28059,0.9995,0.9997
28061,0.8139000000000001,0.9552
28063,0.6767,0.9876
28065,0.8582,0.9959
28067,0.9181,0.9942
28069,0.8755,0.9036
28071,0.5928,0.8959
28073,0.7571,0.9923
28075,0.6568,0.7361
28077,0.8986,0.9946
28079,0.8873,0.9588
28081,0.8044,0.9117999999999999
28083,0.888,0.9029
28085,0.9497,0.9943
28087,0.8848,0.9462
28089,0.9279,0.9666
28091,0.6478999999999999,0.995
28093,0.962,0.8691
28095,0.917,0.9251
28097,0.5662,0.9346
28099,0.9635,0.941
28101,0.8544,0.8643000000000001
28103,0.9319999999999999,0.942
28105,0.9878,0.9546
28107,0.5721,0.825
28109,0.9442,0.9972
28111,0.7637,0.9966
28113,0.884,0.9921
28115,0.8180000000000001,0.9268
28117,0.9343,0.8297
28119,0.46419999999999995,0.753
28121,0.9322,0.9809
28123,0.8449,0.9424
28125,0.9236,0.9659
28127,0.8904,0.9927
28129,0.9191,0.9747
28131,0.904,0.9994
28133,0.6798,0.8613
28135,0.7214,0.8559
28137,0.914,0.8472999999999999
28139,0.969,0.8529
28141,0.8884,0.7811
28143,0.6969000000000001,0.7921
28145,0.8664000000000001,0.8875
28147,0.8251,0.9952
28149,0.8638,0.9888
28151,0.8878,0.8825
28153,0.8498,0.9897
28155,0.8619,0.9496
28157,0.6821999999999999,0.9903
28159,0.9819,0.9626
28161,0.7068,0.9049
28163,0.8804,0.9606
29001,0.6973,0.41659999999999997
29003,0.37659999999999993,0.26769999999999994
29005,0.4374,0.6910000000000001
29007,0.17479999999999996,0.25
29009,0.7525,0.6926
29011,0.4498,0.5779
29013,0.2811,0.5125
29015,0.616,0.4376
29017,0.7261,0.6269
29019,0.35849999999999993,0.39969999999999994
29021,0.3891,0.23449999999999993
29023,0.8687,0.6401
29025,0.3368,0.33799999999999997
29027,0.19599999999999995,0.3417
29029,0.8496,0.3768
29031,0.6926,0.47809999999999997
29033,0.2982,0.37959999999999994
29035,0.8522000000000001,0.49749999999999994
29037,0.4103,0.5024
29039,0.6644,0.5474
29041,0.5214,0.2893
29043,0.8518,0.5237
29045,0.1683,0.2852
29047,0.18289999999999995,0.2612
29049,0.22919999999999996,0.24139999999999995
29051,0.33999999999999997,0.3621
29053,0.47729999999999995,0.4962
29055,0.4545,0.3298
29057,0.41059999999999997,0.5856
29059,0.8533999999999999,0.47919999999999996
29061,0.5212,0.30799999999999994
29063,0.26369999999999993,0.24
29065,0.7585,0.42889999999999995
29067,0.9245,0.41779999999999995
29069,0.7428,0.607
29071,0.3718,0.16559999999999997
29073,0.4959,0.28359999999999996
29075,0.3064,0.25249999999999995
29077,0.6569,0.5163
29079,0.3296,0.33219999999999994
29081,0.19999999999999996,0.26659999999999995
29083,0.704,0.47419999999999995
29085,0.6775,0.4889
29087,0.36959999999999993,0.5558000000000001
29089,0.6292,0.39369999999999994
29091,0.9016,0.493
29093,0.37470000000000003,0.5605
29095,0.16059999999999997,0.41459999999999997
29097,0.69,0.677
29099,0.5153,0.11669999999999991
29101,0.5071,0.44830000000000003
29103,0.5309999999999999,0.3931
29105,0.9453,0.36839999999999995
29107,0.4484,0.44209999999999994
29109,0.5155000000000001,0.6675
29111,0.2399,0.37529999999999997
29113,0.2741,0.24819999999999998
29115,0.33840000000000003,0.34219999999999995
29117,0.3902,0.35509999999999997
29119,0.8876,0.8436
29121,0.48119999999999996,0.3044
29123,0.6780999999999999,0.6296999999999999
29125,0.45530000000000004,0.371
29127,0.2208,0.4163
29129,0.41679999999999995,0.3052
29131,0.7966,0.3648
29133,0.6303,0.4415
29135,0.45119999999999993,0.42610000000000003
29137,0.2582,0.2771
29139,0.5348999999999999,0.2883
29141,0.48660000000000003,0.4272
29143,0.7303,0.6255999999999999
29145,0.7501,0.792
29147,0.39879999999999993,0.38049999999999995
29149,0.7189,0.5247999999999999
29151,0.6743,0.3446
29153,0.8366,0.4599
29155,0.9734,0.7021999999999999
29157,0.6643,0.36629999999999996
29159,0.30479999999999996,0.45619999999999994
29161,0.4729,0.3435
29163,0.45119999999999993,0.3359
29165,0.11199999999999999,0.2086
29167,0.4377,0.5122
29169,0.7514000000000001,0.3627
29171,0.48360000000000003,0.40069999999999995
29173,0.33609999999999995,0.3469
29175,0.3144,0.25149999999999995
29177,0.4234,0.36139999999999994
29179,0.7986,0.5097
29181,0.6012,0.5448
29183,0.21829999999999994,0.04579999999999995
29185,0.5339,0.5183
29186,0.5350999999999999,0.36970000000000003
29187,0.5567,0.45009999999999994
29189,0.2619,0.01739999999999997
29195,0.4665,0.40579999999999994
29197,0.5866,0.3992
29199,0.2652,0.35660000000000003
29201,0.6063000000000001,0.47109999999999996
29203,0.5752999999999999,0.4687
29205,0.33709999999999996,0.3446
29207,0.8096,0.6516
29209,0.6887,0.5707
29211,0.4948,0.3919
29213,0.8566,0.5166
29215,0.8572,0.3941
29217,0.24570000000000003,0.5259
29219,0.49529999999999996,0.21419999999999995
29221,0.3851,0.3415
29223,0.5869,0.6756
29225,0.7509,0.48009999999999997
29227,0.26949999999999996,0.2802
29229,0.8232,0.35629999999999995
29510,0.27679999999999993,0.011199999999999988
30001,0.8404,0.8298
30003,0.9816,0.8844
30005,0.9197,0.862
30007,0.9515,0.4678
30009,0.9399,0.7732
30011,0.7584,0.49239999999999995
30013,0.8198,0.6383
30015,0.3631,0.5815
30017,0.8831,0.7899
30019,0.4465,0.389
30021,0.28459999999999996,0.5539000000000001
30023,0.8656,0.6143000000000001
30025,0.8073,0.5665
30027,0.6316999999999999,0.7173
30029,0.4949,0.7509
30031,0.9342,0.5535
30033,0.7732,0.7507
30035,0.5749,0.6147
30037,0.8512,0.7474000000000001
30039,0.9637,0.8741
30041,0.4992,0.7049
30043,0.9222,0.29879999999999995
30045,0.6516,0.6141
30047,0.7269,0.9174
30049,0.9814,0.7325999999999999
30051,0.3813,0.5997
30053,0.6412,0.7825
30055,0.378,0.5640000000000001
30057,0.8496,0.6038
30059,0.9091,0.5663
30061,0.903,0.8839
30063,0.959,0.9077
30065,0.9490999999999999,0.8026
30067,0.9404,0.5758
30069,0.763,0.7045
30071,0.873,0.7282
30073,0.7025,0.6981999999999999
30075,0.8122,0.7004
30077,0.9288,0.7237
30079,0.5851,0.7313000000000001
30081,0.9544,0.9162
30083,0.3205,0.3742
30085,0.31099999999999994,0.27879999999999994
30087,0.9304,0.8645
30089,0.8973,0.9247
30091,0.44689999999999996,0.20929999999999993
30093,0.7713,0.4505
30095,0.9144,0.7444
30097,0.43699999999999994,0.6107
30099,0.7362,0.7279
30101,0.5663,0.62
30103,0.9329,0.8645
30105,0.6615,0.6182
30107,0.7157,0.6865
30109,0.49339999999999995,0.5905
30111,0.9971,0.8593
31001,0.5379,0.9144
31003,0.28689999999999993,0.7363
31005,0.9111,0.9757
31007,0.6895,0.9236
31009,0.594,0.9208
31011,0.21650000000000003,0.8516
31013,0.6972,0.9806
31015,0.12829999999999997,0.6930000000000001
31017,0.6779999999999999,0.9293
31019,0.5771999999999999,0.8581
31021,0.22099999999999997,0.5728
31023,0.4881,0.7343
31025,0.20640000000000003,0.6287
31027,0.515,0.5899
31029,0.8259,0.9506
31031,0.8019000000000001,0.983
31033,0.7884,0.9035
31035,0.43909999999999993,0.8766
31037,0.29710000000000003,0.6518999999999999
31039,0.13059999999999994,0.5224
31041,0.6033999999999999,0.8561
31043,0.4518,0.43720000000000003
31045,0.5978,0.9522
31047,0.38239999999999996,0.8835
31049,0.7456,0.9102
31051,0.3085,0.47709999999999997
31053,0.10119999999999996,0.667
31055,0.38659999999999994,0.661
31057,0.5891,0.953
31059,0.24570000000000003,0.8653
31061,0.43010000000000004,0.8251999999999999
31063,0.5973999999999999,0.9085
31065,0.44919999999999993,0.8569
31067,0.07869999999999999,0.7387
31069,0.6993,0.9492
31071,0.6915,0.8876
31073,0.38039999999999996,0.8885
31075,0.8991,0.9822
31077,0.49870000000000003,0.9158
31079,0.4425,0.9454
31081,0.5373,0.9293
31083,0.2802,0.8056
31085,0.6812,0.9299999999999999
31087,0.6667000000000001,0.9048
31089,0.5909,0.7937
31091,0.9254,0.9827
31093,0.6289,0.9404
31095,0.08979999999999999,0.739
31097,0.30920000000000003,0.7194
31099,0.5014000000000001,0.8728
31101,0.938,0.9647
31103,0.4535,0.8056
31105,0.46919999999999995,0.9317
31107,0.47839999999999994,0.6926
31109,0.3964,0.7426999999999999
31111,0.5730999999999999,0.9479
31113,0.8348,0.9588
31115,0.395,0.8639
31117,0.9269,0.9722
31119,0.40869999999999995,0.7517
31121,0.44079999999999997,0.9325
31123,0.5951,0.953
31125,0.4575,0.8922
31127,0.5126999999999999,0.7339
31129,0.3863,0.7911
31131,0.4869,0.653
31133,0.23770000000000002,0.7125
31135,0.8033,0.9553
31137,0.4838,0.834
31139,0.2952,0.7137
31141,0.5568,0.7528
31143,0.4567,0.8285
31145,0.385,0.8539
31147,0.2562,0.6675
31149,0.6268,0.8617
31151,0.0645,0.8210999999999999
31153,0.4174,0.5881000000000001
31155,0.5092,0.7098
31157,0.6473,0.8968
31159,0.30079999999999996,0.8459
31161,0.781,0.981
31163,0.5578,0.8443
31165,0.667,0.9184
31167,0.19889999999999997,0.6284000000000001
31169,0.236,0.7579
31171,0.7849,0.9745
31173,0.4458,0.48219999999999996
31175,0.5671999999999999,0.8922
31177,0.503,0.6879
31179,0.16459999999999997,0.5771
31181,0.393,0.8467
31183,0.30479999999999996,0.8587
31185,0.22939999999999994,0.8954
32001,0.0019000000000000128,0.008900000000000019
32003,0.008099999999999996,0.007699999999999929
32005,0.044399999999999995,0.011199999999999988
32007,0.2506999999999999,0.6740999999999999
32009,0.22760000000000002,0.5026999999999999
32011,0.18469999999999998,0.5118
32013,0.3177,0.6778
32015,0.07019999999999993,0.3093
32017,0.21409999999999996,0.4347
32019,0.02839999999999998,0.0021999999999999797
32021,0.09079999999999999,0.17779999999999996
32023,0.10259999999999991,0.4605
32027,0.03699999999999992,0.18819999999999992
32029,0.0010000000000000009,0.00019999999999997797
32031,0.03649999999999998,0.12309999999999999
32033,0.4082,0.732
32510,0.03289999999999993,0.0017999999999999128
33001,0.5674,0.9348
33003,0.6683,0.8804
33005,0.14300000000000002,0.7218
33007,0.726,0.7797000000000001
33009,0.11419999999999997,0.7688
33011,0.43599999999999994,0.9479
33013,0.35409999999999997,0.9400999999999999
33015,0.5720000000000001,0.9929
33017,0.6587000000000001,0.9845
33019,0.13259999999999994,0.7658
34001,0.27659999999999996,0.6729
34003,0.2627999999999999,0.7161
34005,0.1866,0.5929
34007,0.27479999999999993,0.42879999999999996
34009,0.7983,0.9389
34011,0.39249999999999996,0.7273000000000001
34013,0.32719999999999994,0.6228
34015,0.15289999999999992,0.4213
34017,0.17220000000000002,0.5529
34019,0.24380000000000002,0.7476
34021,0.3005,0.687
34023,0.20789999999999997,0.6526000000000001
34025,0.0676,0.6335
34027,0.5309999999999999,0.7864
34029,0.1553,0.6738
34031,0.5487,0.819
34033,0.3711,0.5168999999999999
34035,0.3228,0.7444999999999999
34037,0.6979,0.8465
34039,0.18619999999999992,0.5892999999999999
34041,0.21899999999999997,0.7898000000000001
35001,0.9883,0.9569
35003,0.8888,0.9902
35005,0.6424,0.33840000000000003
35006,0.8533999999999999,0.9398
35007,0.9226,0.9995
35009,0.632,0.9639
35011,0.8671,0.7211000000000001
35013,0.7033,0.2774
35015,0.5759,0.3065
35017,0.7024,0.8125
35019,0.793,0.9586
35021,0.8429,0.9859
35023,0.9094,0.32389999999999997
35025,0.16159999999999997,0.6477999999999999
35027,0.7291,0.7283
35028,0.9817,0.9946
35029,0.26169999999999993,0.17059999999999997
35031,0.879,0.8718
35033,0.9827,0.9998
35035,0.8391,0.3187
35037,0.2318,0.954
35039,0.9927,0.9833
35041,0.7067,0.8618
35043,0.9956,0.9585
35045,0.7644,0.6277999999999999
35047,0.9623,0.9985
35049,0.9598,0.9971
35051,0.6617,0.6841999999999999
35053,0.9816,0.8786
35055,0.9605,0.9996
35057,0.96,0.9752
35059,0.9534,0.9948
35061,0.9486,0.9017999999999999
36001,0.1412,0.7877000000000001
36003,0.375,0.8347
36005,0.3083,0.5677
36007,0.8123,0.8358
36009,0.6901999999999999,0.8839
36011,0.19409999999999994,0.6089
36013,0.3418,0.4668
36015,0.46109999999999995,0.7323
36017,0.609,0.8190999999999999
36019,0.7273000000000001,0.6448
36021,0.2632,0.7409
36023,0.51,0.72
36025,0.4879,0.7832
36027,0.6991,0.685
36029,0.3378,0.7289
36031,0.4575,0.6168
36033,0.7525,0.6213
36035,0.8197,0.8967
36037,0.2815,0.7734
36039,0.21550000000000002,0.7148
36041,0.5964,0.7961
36043,0.5477,0.868
36045,0.6887,0.6394
36047,0.2901,0.5526
36049,0.6288,0.7772
36051,0.3256,0.7061999999999999
36053,0.6134,0.769
36055,0.2569,0.7442
36057,0.6881999999999999,0.9022
36059,0.7043999999999999,0.6388
36061,0.26639999999999997,0.5606
36063,0.4303,0.7026
36065,0.9067,0.8241
36067,0.2784,0.6192
36069,0.2657999999999999,0.7385999999999999
36071,0.6486000000000001,0.8005
36073,0.3127,0.7843
36075,0.4568,0.5805
36077,0.503,0.8814
36079,0.31709999999999994,0.7522
36081,0.2924,0.5663
36083,0.3175,0.6836
36085,0.17509999999999992,0.5304
36087,0.5079,0.8074
36089,0.5778,0.6328
36091,0.19609999999999994,0.808
36093,0.36839999999999995,0.8388
36095,0.6768000000000001,0.8754
36097,0.5193,0.7769
36099,0.379,0.7051000000000001
36101,0.35239999999999994,0.769
36103,0.862,0.7944
36105,0.5616,0.7851
36107,0.8237,0.7778
36109,0.5016,0.7269
36111,0.5206,0.5929
36113,0.23149999999999993,0.6803
36115,0.36219999999999997,0.8099000000000001
36117,0.16279999999999994,0.6028
36119,0.27659999999999996,0.6975
36121,0.35749999999999993,0.7623
36123,0.3557,0.7684
37001,0.8576,0.7304999999999999
37003,0.9619,0.853
37005,0.9407,0.9425
37007,0.9802,0.9037999999999999
37009,0.9515,0.9237
37011,0.8843,0.8644000000000001
37013,0.9198,0.9762
37015,0.9801,0.9737
37017,0.9962,0.9864
37019,0.9114,0.9949
37021,0.9019,0.8703000000000001
37023,0.9503,0.9278
37025,0.9298,0.5412
37027,0.9847,0.9263
37029,0.9037999999999999,0.7433000000000001
37031,0.8503000000000001,0.9389
37033,0.9725,0.747
37035,0.9191,0.7766
37037,0.9252,0.8395
37039,0.9528,0.804
37041,0.9667,0.9113
37043,0.8552,0.8728
37045,0.8806,0.9027
37047,0.9829,0.9884
37049,0.8942,0.9876
37051,0.9726,0.9722
37053,0.86,0.6769000000000001
37055,0.8995,0.7708
37057,0.9305,0.742
37059,0.8474,0.7394000000000001
37061,0.9991,0.9919
37063,0.9908,0.8987
37065,0.9928,0.9721
37067,0.9151,0.7994
37069,0.9908,0.9635
37071,0.7352000000000001,0.6673
37073,0.9621999999999999,0.9193
37075,0.9483,0.7644
37077,0.9891,0.9063
37079,0.9583,0.9889
37081,0.9764,0.7348
37083,0.9836,0.9718
37085,0.9578,0.9636
37087,0.9359,0.9133
37089,0.8324,0.9022
37091,0.9584,0.959
37093,0.9138,0.9645
37095,0.6202,0.7716000000000001
37097,0.7485999999999999,0.6622
37099,0.9332,0.9325
37101,0.9793,0.9652
37103,0.9828,0.9917
37105,0.8568,0.9233
37107,0.9836,0.994
37109,0.9257,0.7277
37111,0.9459,0.9225
37113,0.9178999999999999,0.9026
37115,0.9408,0.7079
37117,0.9901,0.9873
37119,0.7125,0.48529999999999995
37121,0.9127,0.7959
37123,0.9292,0.8135
37125,0.9445,0.9208
37127,0.9434,0.9616
37129,0.953,0.994
37131,0.9856,0.9606
37133,0.9346,0.9948
37135,0.9477,0.8071
37137,0.7078,0.9427
37139,0.9776,0.7927
37141,0.9947,0.993
37143,0.9776,0.8631
37145,0.92,0.8226
37147,0.9304,0.9907
37149,0.9218999999999999,0.9619
37151,0.9505,0.7424999999999999
37153,0.9886,0.9400999999999999
37155,0.8319,0.9623
37157,0.9463,0.7686999999999999
37159,0.9842,0.5716
37161,0.9126,0.9616
37163,0.9956,0.9801
37165,0.9604,0.9635
37167,0.9642,0.6955
37169,0.9567,0.8289
37171,0.8992,0.9015
37173,0.9722,0.7849
37175,0.9541999999999999,0.9172
37177,0.8197,0.7907
37179,0.7651,0.69
37181,0.9961,0.9507
37183,0.9807,0.9448
37185,0.9883,0.9604
37187,0.9317,0.9258
37189,0.8919,0.8918
37191,0.9973,0.9827
37193,0.9821,0.9307
37195,0.9936,0.9599
37197,0.971,0.8679
37199,0.9229,0.7953
38001,0.4105,0.5495
38003,0.49570000000000003,0.20699999999999996
38005,0.23359999999999992,0.2146
38007,0.9811,0.7442
38009,0.5997,0.40859999999999996
38011,0.7266,0.5157
38013,0.8643000000000001,0.2621
38015,0.09899999999999998,0.2682
38017,0.4234,0.16649999999999998
38019,0.22639999999999993,0.04679999999999995
38021,0.3469,0.15969999999999995
38023,0.3711,0.09179999999999999
38025,0.9083,0.5246
38027,0.278,0.1693
38029,0.13059999999999994,0.1502
38031,0.37139999999999995,0.17179999999999995
38033,0.8721,0.6791
38035,0.14969999999999994,0.029999999999999916
38037,0.39049999999999996,0.45819999999999994
38039,0.34129999999999994,0.12649999999999995
38041,0.6998,0.621
38043,0.1876,0.1916
38045,0.34419999999999995,0.1975
38047,0.4075,0.16310000000000002
38049,0.6676,0.3639
38051,0.5502,0.12239999999999995
38053,0.9015,0.5388
38055,0.4102,0.4314
38057,0.43579999999999997,0.4094
38059,0.29879999999999995,0.4264
38061,0.7955,0.43799999999999994
38063,0.11599999999999999,0.07440000000000002
38065,0.3032,0.42210000000000003
38067,0.01759999999999995,0.028799999999999937
38069,0.45499999999999996,0.30299999999999994
38071,0.15139999999999998,0.09560000000000002
38073,0.5363,0.20099999999999996
38075,0.7257,0.4263
38077,0.38769999999999993,0.12029999999999996
38079,0.28879999999999995,0.19230000000000003
38081,0.7224999999999999,0.1642
38083,0.2238,0.28579999999999994
38085,0.13119999999999998,0.2502
38087,0.7384,0.6548
38089,0.8507,0.6604
38091,0.29410000000000003,0.12890000000000001
38093,0.4497,0.18630000000000002
38095,0.11699999999999999,0.11439999999999995
38097,0.3498,0.08529999999999993
38099,0.05740000000000001,0.018199999999999994
38101,0.9144,0.46829999999999994
38103,0.20379999999999998,0.28069999999999995
38105,0.5032,0.25939999999999996
39001,0.7219,0.30979999999999996
39003,0.31079999999999997,0.07639999999999991
39005,0.5107999999999999,0.36729999999999996
39007,0.8388,0.6435
39009,0.35309999999999997,0.6395
39011,0.2944,0.08209999999999995
39013,0.6502,0.5226999999999999
39015,0.6356999999999999,0.22560000000000002
39017,0.21999999999999997,0.09919999999999995
39019,0.2562,0.3554999999999999
39021,0.3060999999999999,0.2669
39023,0.23299999999999998,0.25359999999999994
39025,0.26339999999999997,0.17469999999999997
39027,0.21629999999999994,0.20350000000000001
39029,0.5502,0.41569999999999996
39031,0.5687,0.48960000000000004
39033,0.4152,0.1865
39035,0.43499999999999994,0.4164
39037,0.387,0.07939999999999992
39039,0.3488,0.18930000000000002
39041,0.4497,0.23319999999999996
39043,0.37259999999999993,0.2994
39045,0.29889999999999994,0.35529999999999995
39047,0.31179999999999997,0.2583
39049,0.4012,0.24859999999999993
39051,0.4706,0.123
39053,0.8349,0.6929000000000001
39055,0.46809999999999996,0.40879999999999994
39057,0.10819999999999996,0.20479999999999998
39059,0.637,0.5094
39061,0.18030000000000002,0.11309999999999998
39063,0.11939999999999995,0.05840000000000001
39065,0.3903,0.06629999999999991
39067,0.3692,0.43289999999999995
39069,0.13559999999999994,0.15189999999999992
39071,0.24719999999999998,0.25239999999999996
39073,0.19819999999999993,0.47609999999999997
39075,0.5488999999999999,0.41579999999999995
39077,0.24409999999999998,0.34129999999999994
39079,0.4628,0.5598
39081,0.5085,0.39449999999999996
39083,0.516,0.3549
39085,0.48250000000000004,0.4881
39087,0.7503,0.6433
39089,0.4817,0.3688
39091,0.23549999999999993,0.17579999999999996
39093,0.4475,0.35019999999999996
39095,0.733,0.12249999999999994
39097,0.3556,0.274
39099,0.5577,0.5098
39101,0.41179999999999994,0.13379999999999992
39103,0.2953,0.37139999999999995
39105,0.5594,0.7085
39107,0.4901,0.10439999999999994
39109,0.3413999999999999,0.11929999999999996
39111,0.6697,0.6246
39113,0.23260000000000003,0.10959999999999992
39115,0.5800000000000001,0.39590000000000003
39117,0.5548,0.23060000000000003
39119,0.7233,0.49570000000000003
39121,0.6396,0.48160000000000003
39123,0.31489999999999996,0.1966
39125,0.3849,0.21499999999999997
39127,0.21989999999999998,0.491
39129,0.3665999999999999,0.2923
39131,0.507,0.3578
39133,0.48719999999999997,0.35629999999999995
39135,0.22419999999999995,0.09519999999999995
39137,0.39159999999999995,0.12449999999999994
39139,0.49019999999999997,0.3044
39141,0.44819999999999993,0.29579999999999995
39143,0.44889999999999997,0.16869999999999996
39145,0.6241,0.4917
39147,0.27290000000000003,0.14579999999999993
39149,0.35819999999999996,0.11580000000000001
39151,0.3327,0.32719999999999994
39153,0.38569999999999993,0.38859999999999995
39155,0.571,0.5705
39157,0.48160000000000003,0.4273
39159,0.3518,0.22329999999999994
39161,0.2277,0.15039999999999998
39163,0.2835,0.5443
39165,0.32199999999999995,0.12969999999999993
39167,0.5316,0.6521
39169,0.2774,0.39049999999999996
39171,0.22549999999999992,0.12580000000000002
39173,0.05999999999999994,0.07109999999999994
39175,0.48119999999999996,0.09749999999999992
40001,0.9366,0.8666
40003,0.5866,0.8464
40005,0.7981,0.9778
40007,0.6512,0.8485
40009,0.6033,0.9326
40011,0.619,0.9484
40013,0.6192,0.9353
40015,0.4376,0.9652
40017,0.5257000000000001,0.9568
40019,0.3173,0.9318
40021,0.9134,0.8567
40023,0.8333,0.9707
40025,0.7561,0.9512
40027,0.5922000000000001,0.9754
40029,0.7601,0.9806
40031,0.6344000000000001,0.9399
40033,0.385,0.9073
40035,0.8386,0.8385
40037,0.7061,0.9475
40039,0.5262,0.8987
40041,0.9424,0.8286
40043,0.5967,0.8991
40045,0.4103,0.8593999999999999
40047,0.644,0.9288
40049,0.4395,0.9566
40051,0.6158,0.9547
40053,0.5385,0.8532
40055,0.47550000000000003,0.908
40057,0.5062,0.8988
40059,0.3912,0.7226
40061,0.7446999999999999,0.9465
40063,0.9226,0.9909
40065,0.29679999999999995,0.8718
40067,0.4403,0.8645
40069,0.5186999999999999,0.9397
40071,0.6889000000000001,0.9225
40073,0.7176,0.9494
40075,0.2117,0.9109
40077,0.7219,0.9755
40079,0.8045,0.9594
40081,0.5566,0.9825
40083,0.7554,0.9643
40085,0.5531999999999999,0.9384
40087,0.6285000000000001,0.9607
40089,0.6769000000000001,0.9767
40091,0.9475,0.9689
40093,0.5821000000000001,0.9257
40095,0.7015,0.9302
40097,0.8356,0.8174
40099,0.4585,0.9485
40101,0.8311,0.9229
40103,0.7164999999999999,0.9528
40105,0.9218999999999999,0.8603000000000001
40107,0.7876,0.9894
40109,0.6029,0.9722999999999999
40111,0.8438,0.9684
40113,0.8138,0.9245
40115,0.9153,0.8266
40117,0.8571,0.9465
40119,0.6894,0.9675
40121,0.8996,0.9893
40123,0.7429,0.954
40125,0.5525,0.9842
40127,0.7817000000000001,0.9827
40129,0.4538,0.8787
40131,0.7922,0.8327
40133,0.7731,0.9861
40135,0.8161,0.9266
40137,0.3712,0.941
40139,0.518,0.9124
40141,0.4616,0.9091
40143,0.6898,0.8461
40145,0.8676,0.8587
40147,0.792,0.8842
40149,0.41759999999999997,0.9197
40151,0.6906,0.8004
40153,0.6059,0.8472999999999999
41001,0.8617,0.9365
41003,0.6023000000000001,0.5694
41005,0.6587000000000001,0.1745
41007,0.6035999999999999,0.9125
41009,0.5859,0.32509999999999994
41011,0.7791,0.8553
41013,0.5778,0.7458
41015,0.8087,0.9626
41017,0.6169,0.41600000000000004
41019,0.8649,0.5323
41021,0.19529999999999992,0.8
41023,0.794,0.9028
41025,0.8009,0.9027
41027,0.5783,0.279
41029,0.06469999999999998,0.10189999999999999
41031,0.5550999999999999,0.4648
41033,0.6722,0.6900999999999999
41035,0.11909999999999998,0.19629999999999992
41037,0.15300000000000002,0.6666
41039,0.8513999999999999,0.5003
41041,0.6201,0.8277
41043,0.2798999999999999,0.29279999999999995
41045,0.5056,0.9173
41047,0.4367,0.19919999999999993
41049,0.45489999999999997,0.8787
41051,0.6839,0.14269999999999994
41053,0.49039999999999995,0.43599999999999994
41055,0.41200000000000003,0.6181
41057,0.7169,0.8496
41059,0.45999999999999996,0.8817
41061,0.44430000000000003,0.9177
41063,0.5238,0.9696
41065,0.6284000000000001,0.5141
41067,0.14900000000000002,0.1392
41069,0.42310000000000003,0.7938000000000001
41071,0.5061,0.29689999999999994
42001,0.7589,0.5012
42003,0.6453,0.5883
42005,0.4696,0.6406000000000001
42007,0.6847,0.5286
42009,0.6039,0.42410000000000003
42011,0.20499999999999996,0.6803
42013,0.5209999999999999,0.6268
42015,0.4587,0.7113
42017,0.09209999999999996,0.6309
42019,0.6588,0.6727000000000001
42021,0.46719999999999995,0.6396999999999999
42023,0.48639999999999994,0.8483
42025,0.21199999999999997,0.6697
42027,0.5553,0.8417
42029,0.27169999999999994,0.6202
42031,0.37349999999999994,0.7419
42033,0.8456,0.8913
42035,0.4305,0.8198
42037,0.28159999999999996,0.7602
42039,0.62,0.6455
42041,0.8204,0.6549
42043,0.7359,0.7759
42045,0.16659999999999997,0.39159999999999995
42047,0.8853,0.9268
42049,0.6044,0.5179
42051,0.8045,0.74
42053,0.6616,0.8547
42055,0.63,0.36319999999999997
42057,0.7035,0.36249999999999993
42059,0.9321,0.5589999999999999
42061,0.6237999999999999,0.7150000000000001
42063,0.7090000000000001,0.6880999999999999
42065,0.6705,0.8852
42067,0.8276,0.7827999999999999
42069,0.33909999999999996,0.6314
42071,0.6558999999999999,0.7154
42073,0.4403,0.6800999999999999
42075,0.6849000000000001,0.7752
42077,0.057699999999999974,0.6731
42079,0.24049999999999994,0.6555
42081,0.5566,0.6633
42083,0.7626999999999999,0.9064
42085,0.5752999999999999,0.7749
42087,0.5876,0.7943
42089,0.44289999999999996,0.7286
42091,0.04599999999999993,0.5404
42093,0.4165,0.7136
42095,0.3911,0.723
42097,0.8107,0.7947
42099,0.9157,0.7503
42101,0.11769999999999992,0.40769999999999995
42103,0.619,0.8089999999999999
42105,0.4345,0.8184
42107,0.5742,0.8104
42109,0.621,0.8039000000000001
42111,0.7114,0.4376
42113,0.5752999999999999,0.6351
42115,0.41200000000000003,0.74
42117,0.47819999999999996,0.7251000000000001
42119,0.775,0.741
42121,0.5728,0.6416999999999999
42123,0.5838,0.8220000000000001
42125,0.9223,0.47929999999999995
42127,0.6009,0.7807999999999999
42129,0.7817000000000001,0.632
42131,0.4064,0.6566000000000001
42133,0.9345,0.7094
44001,0.5832999999999999,0.3974
44003,0.6774,0.49139999999999995
44005,0.40449999999999997,0.3556
44007,0.5538000000000001,0.583
44009,0.8755999999999999,0.5458000000000001
45001,0.8638,0.8243
45003,0.8054,0.9586
45005,0.9796,0.9905
45007,0.8409,0.8491
45009,0.9783,0.9917
45011,0.8585,0.9877
45013,0.7094,0.97
45015,0.941,0.9747
45017,0.8074,0.9577
45019,0.877,0.9621999999999999
45021,0.9247,0.922
45023,0.8916,0.8071
45025,0.8792,0.8861
45027,0.8741,0.97
45029,0.84,0.9802
45031,0.6283,0.6698999999999999
45033,0.6046,0.8714999999999999
45035,0.8976,0.9786
45037,0.9282,0.9171
45039,0.9490999999999999,0.9014
45041,0.8188,0.7767999999999999
45043,0.9273,0.9869
45045,0.8523000000000001,0.9242
45047,0.9089,0.8743
45049,0.9795,0.9824
45051,0.9707,0.9851
45053,0.8906,0.9738
45055,0.9169,0.7942
45057,0.7329,0.6956
45059,0.8346,0.8813
45061,0.8994,0.8186
45063,0.6838,0.9353
45065,0.7792,0.8933
45067,0.8577,0.913
45069,0.8322,0.8862
45071,0.6719999999999999,0.9137
45073,0.9692,0.9178
45075,0.9351,0.983
45077,0.9875,0.9302
45079,0.831,0.9124
45081,0.7029,0.8802
45083,0.7229,0.9326
45085,0.8445,0.9272
45087,0.8731,0.9029
45089,0.879,0.9416
45091,0.8044,0.7206
46003,0.08189999999999997,0.21750000000000003
46005,0.43820000000000003,0.14339999999999997
46007,0.6643,0.9563
46009,0.14549999999999996,0.5309999999999999
46011,0.7464999999999999,0.16820000000000002
46013,0.21629999999999994,0.133
46015,0.08719999999999994,0.15159999999999996
46017,0.23659999999999992,0.0675
46019,0.3308,0.3689
46021,0.21450000000000002,0.11749999999999994
46023,0.03259999999999996,0.45940000000000003
46025,0.3833,0.10389999999999999
46027,0.47450000000000003,0.4082
46029,0.4716,0.14589999999999992
46031,0.19809999999999994,0.29510000000000003
46033,0.20589999999999997,0.7476
46035,0.07950000000000002,0.27979999999999994
46037,0.538,0.12219999999999998
46039,0.6856,0.1815
46041,0.1391,0.261
46043,0.0816,0.37329999999999997
46045,0.3953,0.129
46047,0.35219999999999996,0.8649
46049,0.2932,0.13249999999999995
46051,0.4819,0.1402
46053,0.07609999999999995,0.46619999999999995
46055,0.6148,0.5989
46057,0.8009,0.14159999999999995
46059,0.1753,0.09299999999999997
46061,0.13049999999999995,0.30589999999999995
46063,0.39559999999999995,0.46299999999999997
46065,0.14149999999999996,0.11680000000000001
46067,0.05889999999999995,0.38369999999999993
46069,0.4719,0.06599999999999995
46071,0.5113,0.8542000000000001
46073,0.1876,0.13839999999999997
46075,0.25869999999999993,0.3010999999999999
46077,0.6813,0.12429999999999997
46079,0.4897,0.15169999999999995
46081,0.12669999999999992,0.36649999999999994
46083,0.5759,0.21109999999999995
46085,0.242,0.1724
46087,0.11649999999999994,0.24929999999999997
46089,0.13959999999999995,0.133
46091,0.4857,0.14389999999999992
46093,0.2309,0.47919999999999996
46095,0.40900000000000003,0.5470999999999999
46097,0.11739999999999995,0.18319999999999992
46099,0.3863,0.17089999999999994
46101,0.6776,0.16620000000000001
46102,0.5592999999999999,0.9496
46103,0.2682,0.6642
46105,0.1552,0.47119999999999995
46107,0.2734,0.1271
46109,0.4174,0.1291
46111,0.3791,0.21599999999999997
46115,0.31299999999999994,0.1563
46117,0.07769999999999999,0.28049999999999997
46119,0.09139999999999993,0.1281
46121,0.6262,0.8149
46123,0.3317,0.5724
46125,0.23639999999999994,0.32419999999999993
46127,0.36739999999999995,0.34739999999999993
46129,0.22309999999999997,0.13490000000000002
46135,0.513,0.48339999999999994
46137,0.38980000000000004,0.4545
47001,0.9904,0.44220000000000004
47003,0.9926,0.7275
47005,0.9587,0.7642
47007,0.7682,0.38149999999999995
47009,0.9594,0.48660000000000003
47011,0.7861,0.4567
47013,0.9403,0.38859999999999995
47015,0.9846,0.7109
47017,0.991,0.7342
47019,0.8501,0.7211000000000001
47021,0.8995,0.6962999999999999
47023,0.9961,0.821
47025,0.9809,0.5883
47027,0.9414,0.6405000000000001
47029,0.9946,0.7282
47031,0.9734,0.6686
47033,0.9747,0.6583
47035,0.9338,0.45030000000000003
47037,0.91,0.5758
47039,0.9382,0.8362
47041,0.988,0.7052
47043,0.9565,0.796
47045,0.9777,0.6581
47047,0.9392,0.8024
47049,0.7646999999999999,0.41400000000000003
47051,0.9904,0.6918
47053,0.9645,0.6820999999999999
47055,0.7166,0.7106
47057,0.994,0.5784
47059,0.9611999999999999,0.6563
47061,0.8553,0.41459999999999997
47063,0.9994,0.6232
47065,0.508,0.17359999999999998
47067,0.8178,0.5296000000000001
47069,0.9798,0.8215
47071,0.8635,0.8576
47073,0.7266,0.584
47075,0.98,0.7087
47077,0.9965,0.8047
47079,0.9503,0.6768000000000001
47081,0.8293,0.8355
47083,0.912,0.7222999999999999
47085,0.9354,0.8066
47087,0.9828,0.7147
47089,0.9982,0.6386000000000001
47091,0.9849,0.8396
47093,0.9972,0.4982
47095,0.9154,0.6541
47097,0.8593999999999999,0.6436
47099,0.8027,0.7589
47101,0.8192,0.8271999999999999
47103,0.9725,0.7436
47105,0.9888,0.5174
47107,0.8771,0.6178
47109,0.9778,0.8582
47111,0.9948,0.6596
47113,0.9963,0.765
47115,0.859,0.33819999999999995
47117,0.7805,0.6992
47119,0.8416,0.7911
47121,0.8547,0.5755
47123,0.9779,0.6194
47125,0.8361000000000001,0.6776
47127,0.9902,0.7695
47129,0.7997,0.4316
47131,0.8668,0.6042000000000001
47133,0.8903,0.5310999999999999
47135,0.9407,0.8398
47137,0.787,0.4747
47139,0.9413,0.6672
47141,0.9555,0.6477999999999999
47143,0.8059000000000001,0.513
47145,0.9866,0.5299
47147,0.7888999999999999,0.5612999999999999
47149,0.9778,0.6866
47151,0.5473,0.33699999999999997
47153,0.7562,0.20029999999999992
47155,0.9873,0.6509
47157,0.9471,0.8069999999999999
47159,0.9917,0.7283
47161,0.872,0.6314
47163,0.6007,0.6396999999999999
47165,0.9493,0.5485
47167,0.8411,0.7169
47169,0.9872,0.6736
47171,0.7878000000000001,0.6098
47173,0.9804,0.5367
47175,0.8693,0.5002
47177,0.9318,0.6418999999999999
47179,0.7928999999999999,0.6356999999999999
47181,0.8557,0.8032
47183,0.9591,0.6743
47185,0.9490999999999999,0.6172
47187,0.9533,0.6899
47189,0.9653,0.6662
48001,0.9771,0.9961
48003,0.27549999999999997,0.4085
48005,0.8236,0.9949
48007,0.9245,0.9889
48009,0.30909999999999993,0.8222
48011,0.41899999999999993,0.9666
48013,0.9189,0.8748
48015,0.4337,0.9426
48017,0.2289,0.9636
48019,0.5077,0.8264
48021,0.38349999999999995,0.8591
48023,0.38469999999999993,0.8516
48025,0.8013,0.7953
48027,0.5766,0.8828
48029,0.7931,0.9297
48031,0.35519999999999996,0.8932
48033,0.4203,0.7572
48035,0.6522,0.8164
48037,0.8232,0.987
48039,0.5933999999999999,0.9645
48041,0.8238,0.9633
48043,0.03149999999999997,0.05559999999999998
48045,0.36219999999999997,0.981
48047,0.8161,0.44509999999999994
48049,0.06799999999999995,0.49249999999999994
48051,0.8645,0.9089
48053,0.25439999999999996,0.806
48055,0.4033,0.8904
48057,0.9195,0.989
48059,0.12369999999999992,0.46509999999999996
48061,0.5448999999999999,0.886
48063,0.8845,0.9912
48065,0.3228,0.9228
48067,0.8786,0.9859
48069,0.2703,0.9858
48071,0.9205,0.9905
48073,0.9781,0.9987
48075,0.33099999999999996,0.8805
48077,0.3022,0.8251
48079,0.3772,0.9415
48081,0.031100000000000017,0.24969999999999992
48083,0.0047999999999999154,0.2919999999999999
48085,0.7755,0.9318
48087,0.5179,0.8895
48089,0.8105,0.9674
48091,0.6498999999999999,0.9313
48093,0.30169999999999997,0.763
48095,0.05109999999999992,0.2219
48097,0.5215,0.9344
48099,0.4554,0.8116
48101,0.40469999999999995,0.8912
48103,0.11509999999999998,0.16510000000000002
48105,0.046699999999999964,0.1553
48107,0.6328,0.9427
48109,0.9753000000000001,0.2348
48111,0.728,0.9662
48113,0.49670000000000003,0.9209
48115,0.3104,0.7492
48117,0.5098,0.9666
48119,0.6423,0.9822
48121,0.469,0.9245
48123,0.763,0.9291
48125,0.5032,0.9007
48127,0.17899999999999994,0.2167
48129,0.5372,0.9420999999999999
48131,0.8205,0.47109999999999996
48133,0.5942000000000001,0.6904
48135,0.12890000000000001,0.18689999999999996
48137,0.12539999999999996,0.24659999999999993
48139,0.6787,0.9154
48141,0.11809999999999998,0.0039000000000000146
48143,0.7090000000000001,0.8533999999999999
48145,0.5853999999999999,0.9325
48147,0.7609,0.9546
48149,0.7507,0.9173
48151,0.28559999999999997,0.6776
48153,0.3556,0.9848
48155,0.3702,0.8263
48157,0.8694999999999999,0.9662
48159,0.7059,0.9902
48161,0.7564,0.9715
48163,0.8416,0.7206
48165,0.35960000000000003,0.6877
48167,0.3927999999999999,0.9675
48169,0.44809999999999994,0.8799
48171,0.27979999999999994,0.8694999999999999
48173,0.060799999999999965,0.18809999999999993
48175,0.9404,0.9067
48177,0.4639,0.9164
48179,0.40369999999999995,0.9041
48181,0.7747999999999999,0.9257
48183,0.9197,0.9935
48185,0.8525,0.9797
48187,0.6154,0.9224
48189,0.3667,0.9911
48191,0.45089999999999997,0.9391
48193,0.5707,0.8353
48195,0.37649999999999995,0.8991
48197,0.382,0.8452999999999999
48199,0.951,0.9827
48201,0.5493,0.9783
48203,0.8719,0.9901
48205,0.5007999999999999,0.945
48207,0.4889,0.7382
48209,0.4,0.907
48211,0.42479999999999996,0.8583000000000001
48213,0.9166,0.9863
48215,0.627,0.48939999999999995
48217,0.8664000000000001,0.8612
48219,0.5567,0.9429
48221,0.7539,0.8220000000000001
48223,0.6738,0.9861
48225,0.9668,0.9976
48227,0.10709999999999997,0.43799999999999994
48229,0.7675,0.08999999999999997
48231,0.8382000000000001,0.9682
48233,0.4245,0.8974
48235,0.05359999999999998,0.13969999999999994
48237,0.385,0.8407
48239,0.9379,0.9775
48241,0.8815999999999999,0.9808
48243,0.4507,0.2875
48245,0.9449,0.9888
48247,0.7867,0.2077
48249,0.9048,0.6858
48251,0.6747000000000001,0.8722
48253,0.3015,0.6331
48255,0.7706999999999999,0.866
48257,0.7207,0.9515
48259,0.3627,0.9272
48261,0.7077,0.8663000000000001
48263,0.5847,0.8432999999999999
48265,0.5898,0.8114
48267,0.36319999999999997,0.536
48269,0.3813,0.8328
48271,0.05740000000000001,0.07499999999999996
48273,0.8913,0.8526
48275,0.40390000000000004,0.7822
48277,0.6334,0.9781
48279,0.4948,0.9789
48281,0.4596,0.7383
48283,0.7405999999999999,0.41969999999999996
48285,0.8396,0.972
48287,0.4738,0.8637
48289,0.9339,0.9875
48291,0.8177,0.9744
48293,0.6261,0.9472
48295,0.1674,0.8618
48297,0.9739,0.7459
48299,0.2854,0.6835
48301,0.04599999999999993,0.21989999999999998
48303,0.6128,0.9121
48305,0.6760999999999999,0.8674
48307,0.07429999999999992,0.4293
48309,0.7045,0.8446
48311,0.9587,0.6199
48313,0.9291,0.9935
48315,0.7861,0.9841
48317,0.14200000000000002,0.3528
48319,0.18530000000000002,0.6172
48321,0.6825,0.9893
48323,0.08179999999999998,0.04620000000000002
48325,0.7288,0.8008
48327,0.19289999999999996,0.3687
48329,0.15279999999999994,0.12409999999999999
48331,0.6738,0.9348
48333,0.2027,0.6825
48335,0.1451,0.47619999999999996
48337,0.44619999999999993,0.8961
48339,0.7383,0.9764
48341,0.4396,0.9453
48343,0.9584,0.9876
48345,0.3823,0.949
48347,0.8464,0.9975
48349,0.6111,0.9529
48351,0.9215,0.9685
48353,0.10119999999999996,0.49239999999999995
48355,0.9121,0.9153
48357,0.3591,0.88
48359,0.3859,0.9214
48361,0.9373,0.9741
48363,0.6486000000000001,0.7944
48365,0.9131,0.9925
48367,0.7021,0.7928
48369,0.48450000000000004,0.9772
48371,0.14759999999999995,0.21019999999999994
48373,0.813,0.9903
48375,0.5903,0.9183
48377,0.025899999999999923,0.0857
48379,0.8626,0.9821
48381,0.3135,0.9568
48383,0.10229999999999995,0.16769999999999996
48385,0.2768999999999999,0.5642
48387,0.7705,0.9843
48389,0.10439999999999994,0.17559999999999998
48391,0.8533,0.9632
48393,0.33089999999999997,0.8553
48395,0.9097,0.9728
48397,0.7466999999999999,0.949
48399,0.07769999999999999,0.20640000000000003
48401,0.9696,0.9978
48403,0.7798,0.9742
48405,0.84,0.9859
48407,0.8561,0.9864
48409,0.9571,0.9021
48411,0.10719999999999996,0.6094999999999999
48413,0.0776,0.13369999999999993
48415,0.49319999999999997,0.7351
48417,0.14859999999999995,0.5784
48419,0.5546,0.9892
48421,0.35419999999999996,0.9521
48423,0.8532,0.9965
48425,0.8038000000000001,0.847
48427,0.5333,0.11329999999999996
48429,0.4605,0.6738
48431,0.06789999999999996,0.24549999999999994
48433,0.4185,0.7686999999999999
48435,0.060899999999999954,0.1572
48437,0.4777,0.989
48439,0.6970000000000001,0.8781
48441,0.08689999999999998,0.41459999999999997
48443,0.08450000000000002,0.1038
48445,0.5535,0.8853
48447,0.36029999999999995,0.7086
48449,0.7565999999999999,0.9904
48451,0.08529999999999993,0.11929999999999996
48453,0.16620000000000001,0.8533999999999999
48455,0.9395,0.9968
48457,0.8539,0.9892
48459,0.8865,0.9918
48461,0.14569999999999994,0.1634
48463,0.4992,0.43420000000000003
48465,0.012599999999999945,0.04830000000000001
48467,0.9116,0.9821
48469,0.8079000000000001,0.9721
48471,0.8822,0.9926
48473,0.43399999999999994,0.9504
48475,0.07979999999999998,0.2067
48477,0.7019,0.911
48479,0.6881999999999999,0.1714
48481,0.9189,0.9668
48483,0.6267,0.8879
48485,0.7117,0.8892
48487,0.351,0.9023
48489,0.6958,0.8674
48491,0.37959999999999994,0.8742
48493,0.6714,0.9089
48495,0.2249,0.2843
48497,0.5722,0.8873
48499,0.8502000000000001,0.9917
48501,0.39659999999999995,0.8693
48503,0.38839999999999997,0.7521
48505,0.42510000000000003,0.10359999999999991
48507,0.4294,0.30589999999999995
49001,0.3732,0.7878000000000001
49003,0.1724,0.6508
49005,0.4223,0.5738
49007,0.7151000000000001,0.919
49009,0.9537,0.9174
49011,0.28259999999999996,0.4514
49013,0.87,0.9063
49015,0.7574,0.8801
49017,0.728,0.683
49019,0.6111,0.868
49021,0.1714,0.6408
49023,0.4423,0.6981999999999999
49025,0.3599,0.45399999999999996
49027,0.5327999999999999,0.7303
49029,0.7762,0.6899
49031,0.9006,0.8707
49033,0.6511,0.7606999999999999
49035,0.3761,0.497
49037,0.5388,0.7893
49039,0.8454,0.8794
49041,0.9371,0.9383
49043,0.9118999999999999,0.8180000000000001
49045,0.19709999999999994,0.47229999999999994
49047,0.938,0.9327
49049,0.5522,0.7928999999999999
49051,0.8469,0.8984
49053,0.09089999999999998,0.27949999999999997
49055,0.7453000000000001,0.8247
49057,0.5281,0.5771
50001,0.3911,0.6564
50003,0.40269999999999995,0.892
50005,0.12390000000000001,0.679
50007,0.1503,0.515
50009,0.5026999999999999,0.6913
50011,0.18169999999999997,0.5528
50013,0.3054,0.508
50015,0.20799999999999996,0.6355999999999999
50017,0.16310000000000002,0.7532
50019,0.27359999999999995,0.6088
50021,0.8495,0.9142
50023,0.3073,0.6824
50025,0.4225,0.9088
50027,0.5408,0.9193
51001,0.7626999999999999,0.9144
51003,0.9455,0.4679
51005,0.8882,0.7527
51007,0.8616,0.8603000000000001
51009,0.9623,0.6631
51011,0.9396,0.7392000000000001
51013,0.3477,0.5042
51015,0.971,0.7352000000000001
51017,0.9321,0.8225
51019,0.9728,0.6826
51021,0.9724,0.9252
51023,0.8657,0.7296
51025,0.9843,0.9203
51027,0.9048,0.7181
51029,0.9933,0.7352000000000001
51031,0.9332,0.6851
51033,0.5353,0.6671
51035,0.8933,0.9238999999999999
51036,0.8746,0.8515
51037,0.9718,0.8616
51041,0.7877000000000001,0.7862
51043,0.7324999999999999,0.1652
51045,0.8477,0.6827
51047,0.907,0.3276
51049,0.9115,0.8355
51051,0.6464,0.6093999999999999
51053,0.9742999999999999,0.8333
51057,0.9664,0.8509
51059,0.4972,0.42289999999999994
51061,0.8168,0.23219999999999996
51063,0.8487,0.8751
51065,0.8893,0.6657
51067,0.9565,0.7822
51069,0.7965,0.21709999999999996
51071,0.613,0.7635000000000001
51073,0.9419,0.9092
51075,0.5907,0.7654
51077,0.9366,0.9462
51079,0.8785,0.35119999999999996
51081,0.9639,0.9203
51083,0.9954,0.7911
51085,0.6516,0.7156
51087,0.7977,0.7934
51089,0.9952,0.8233
51091,0.9092,0.8709
51093,0.9808,0.912
51095,0.9555,0.915
51097,0.9815,0.8815
51099,0.6589,0.6995
51101,0.9047,0.8377
51103,0.9266,0.9339999999999999
51105,0.7908999999999999,0.4485
51107,0.48519999999999996,0.17759999999999998
51109,0.9141,0.5946
51111,0.9968,0.9084
51113,0.8844,0.30579999999999996
51115,0.7854,0.8867
51117,0.9958,0.922
51119,0.951,0.9327
51121,0.7691,0.7183999999999999
51125,0.9883,0.5716
51127,0.9453,0.8821
51131,0.47439999999999993,0.847
51133,0.9034,0.9471
51135,0.9765,0.8967
51137,0.9539,0.376
51139,0.6042000000000001,0.42999999999999994
51141,0.9598,0.8911
51143,0.9475,0.7187
51145,0.7777000000000001,0.8188
51147,0.9729,0.8649
51149,0.9509,0.7463
51153,0.5566,0.3247
51155,0.7413000000000001,0.8615
51157,0.8749,0.32519999999999993
51159,0.997,0.9002
51161,0.8925,0.6699999999999999
51163,0.9458,0.7812
51165,0.8302,0.5912
51167,0.6881999999999999,0.6821999999999999
51169,0.5206999999999999,0.5298
51171,0.7411,0.4929
51173,0.9911,0.9178
51175,0.9431,0.9262
51177,0.7375,0.5094
51179,0.8831,0.49029999999999996
51181,0.9688,0.9079
51183,0.8428,0.8395
51185,0.9907,0.9029
51187,0.18799999999999994,0.3187
51191,0.949,0.7537
51193,0.9501,0.8665
51195,0.7045,0.503
51197,0.9825,0.9457
51199,0.8813,0.8685
51510,0.34639999999999993,0.5077
51520,0.6145,0.649
51530,0.8592,0.7246
51540,0.9374,0.39449999999999996
51550,0.7256,0.6435
51570,0.8775,0.7034
51580,0.872,0.7702
51590,0.9022,0.6925
51595,0.9881,0.9335
51600,0.4646,0.3004
51610,0.3378,0.4982
51620,0.8482000000000001,0.9355
51630,0.8275,0.516
51640,0.9484,0.9333
51650,0.6515,0.7658
51660,0.906,0.5587
51670,0.8706,0.7118
51678,0.9791,0.7726
51680,0.8956999999999999,0.6292
51683,0.47929999999999995,0.3348
51685,0.4665,0.3010999999999999
51690,0.9869,0.8221
51700,0.9394,0.8625
51710,0.5921000000000001,0.6398999999999999
51720,0.6908,0.44709999999999994
51730,0.9288,0.6682
51735,0.6806,0.7823
51740,0.5347999999999999,0.6534
51750,0.5543,0.7867999999999999
51760,0.7425999999999999,0.7844
51770,0.8501,0.6956
51775,0.9024,0.6205
51790,0.9809,0.7462
51800,0.961,0.8737
51810,0.7735,0.6649
51820,0.9713,0.5335
51830,0.9813,0.9141
51840,0.6904,0.17420000000000002
53001,0.5842,0.7711
53003,0.43499999999999994,0.9201
53005,0.7417,0.9083
53007,0.08689999999999998,0.123
53009,0.24470000000000003,0.26569999999999994
53011,0.5358,0.12249999999999994
53013,0.6774,0.8267
53015,0.5643,0.24139999999999995
53017,0.5181,0.3255
53019,0.5398000000000001,0.6993
53021,0.7905,0.8794
53023,0.6388,0.8965
53025,0.357,0.5932999999999999
53027,0.5105,0.6274
53029,0.13449999999999995,0.5244
53031,0.49649999999999994,0.4011
53033,0.5017,0.49939999999999996
53035,0.6232,0.6889000000000001
53037,0.8842,0.49249999999999994
53039,0.5521,0.6313
53041,0.5177,0.1573
53043,0.46299999999999997,0.8109
53045,0.9298,0.6473
53047,0.32909999999999995,0.4607
53049,0.6252,0.8397
53051,0.8301000000000001,0.7679
53053,0.3832,0.2683
53055,0.5304,0.3631
53057,0.6129,0.46409999999999996
53059,0.38139999999999996,0.07169999999999999
53061,0.5929,0.5912
53063,0.2571,0.8915
53065,0.5229999999999999,0.7384999999999999
53067,0.4616,0.4829
53069,0.5597,0.8088
53071,0.8047,0.7988
53073,0.35519999999999996,0.3053
53075,0.848,0.902
53077,0.6316999999999999,0.595
54001,0.9360999999999999,0.8799
54003,0.8461,0.13829999999999998
54005,0.5585,0.6413
54007,0.9652,0.6296999999999999
54009,0.5763,0.4091
54011,0.7424,0.6409
54013,0.739,0.7110000000000001
54015,0.8436,0.6658
54017,0.8321000000000001,0.6763
54019,0.5886,0.6893
54021,0.8525,0.6524
54023,0.7805,0.6438999999999999
54025,0.6653,0.7126
54027,0.8225,0.4171
54029,0.34009999999999996,0.4124
54031,0.5867,0.5897
54033,0.9152,0.734
54035,0.6902999999999999,0.6938
54037,0.646,0.1321
54039,0.6092,0.6321
54041,0.9235,0.7309
54043,0.7968999999999999,0.6108
54045,0.815,0.6497999999999999
54047,0.877,0.8568
54049,0.9539,0.7001999999999999
54051,0.9277,0.5133
54053,0.7753,0.7236
54055,0.848,0.8538
54057,0.624,0.44619999999999993
54059,0.6108,0.5799
54061,0.7399,0.7092
54063,0.5102,0.7156
54065,0.6107,0.17489999999999994
54067,0.8989,0.6785
54069,0.7002999999999999,0.4043
54071,0.6404,0.8044
54073,0.8255,0.7011000000000001
54075,0.9112,0.8654
54077,0.8943,0.8513999999999999
54079,0.8058,0.6484
54081,0.6940999999999999,0.7126
54083,0.9069,0.896
54085,0.778,0.7247
54087,0.7148,0.6929000000000001
54089,0.4777,0.7212000000000001
54091,0.9598,0.8219
54093,0.7184999999999999,0.8444
54095,0.8181,0.6374
54097,0.9897,0.8228
54099,0.7843,0.5715
54101,0.9558,0.7583
54103,0.8585,0.6094999999999999
54105,0.6775,0.7403
54107,0.5666,0.7202999999999999
54109,0.7459,0.7989999999999999
55001,0.03589999999999993,0.02289999999999992
55003,0.08050000000000002,0.055400000000000005
55005,0.45809999999999995,0.03489999999999993
55007,0.008000000000000007,0.024699999999999944
55009,0.04699999999999993,0.03649999999999998
55011,0.2823,0.05459999999999998
55013,0.40179999999999993,0.0363
55015,0.04699999999999993,0.005900000000000016
55017,0.1281,0.09049999999999991
55019,0.08960000000000001,0.05619999999999992
55021,0.20579999999999998,0.03949999999999998
55023,0.18519999999999992,0.14279999999999993
55025,0.43679999999999997,0.07350000000000001
55027,0.34509999999999996,0.020199999999999996
55029,0.22660000000000002,0.12949999999999995
55031,0.012299999999999978,0.028899999999999926
55033,0.2633,0.05499999999999994
55035,0.11249999999999993,0.11270000000000002
55037,0.13219999999999998,0.06659999999999999
55039,0.2506999999999999,0.010099999999999998
55041,0.04609999999999992,0.054400000000000004
55043,0.41059999999999997,0.16999999999999993
55045,0.28200000000000003,0.14459999999999995
55047,0.29169999999999996,0.025899999999999923
55049,0.3621,0.11980000000000002
55051,0.033499999999999974,0.0393
55053,0.07189999999999996,0.08499999999999996
55055,0.5647,0.058599999999999985
55057,0.05919999999999992,0.04620000000000002
55059,0.36719999999999997,0.08209999999999995
55061,0.15139999999999998,0.07409999999999994
55063,0.3345,0.08919999999999995
55065,0.44279999999999997,0.17999999999999994
55067,0.04169999999999996,0.04269999999999996
55069,0.20589999999999997,0.033499999999999974
55071,0.04279999999999995,0.028699999999999948
55073,0.0625,0.010000000000000009
55075,0.08119999999999994,0.08979999999999999
55077,0.1412,0.030999999999999917
55078,0.09349999999999992,0.052099999999999924
55079,0.19729999999999992,0.03510000000000002
55081,0.10739999999999994,0.09949999999999992
55083,0.06740000000000002,0.07299999999999995
55085,0.29289999999999994,0.06340000000000001
55087,0.2047,0.029299999999999993
55089,0.036599999999999966,0.008599999999999941
55091,0.22899999999999998,0.0393
55093,0.13529999999999998,0.020299999999999985
55095,0.4134,0.027899999999999925
55097,0.03599999999999992,0.005199999999999982
55099,0.08329999999999993,0.03469999999999995
55101,0.2864,0.07140000000000002
55103,0.261,0.12119999999999997
55105,0.5059,0.12929999999999997
55107,0.16789999999999994,0.06459999999999999
55109,0.19779999999999998,0.014699999999999935
55111,0.16389999999999993,0.06499999999999995
55113,0.033499999999999974,0.03920000000000001
55115,0.18279999999999996,0.048899999999999944
55117,0.04409999999999992,0.01749999999999996
55119,0.11819999999999997,0.05699999999999994
55121,0.22539999999999993,0.07599999999999996
55123,0.33509999999999995,0.11609999999999998
55125,0.17409999999999992,0.06369999999999998
55127,0.37729999999999997,0.06809999999999994
55129,0.3141999999999999,0.025499999999999967
55131,0.15859999999999996,0.007000000000000006
55133,0.23870000000000002,0.014599999999999946
55135,0.24129999999999996,0.02849999999999997
55137,0.09970000000000001,0.01849999999999996
55139,0.22599999999999998,0.013699999999999934
55141,0.0039000000000000146,0.0045999999999999375
56001,0.8061,0.9662999999999999
56003,0.9898,0.8932
56005,0.33640000000000003,0.7956
56007,0.9337,0.9794
56009,0.8476,0.8804
56011,0.2278,0.4618
56013,0.8933,0.7110000000000001
56015,0.7248,0.9104
56017,0.9282,0.775
56019,0.9654,0.8533999999999999
56021,0.5243,0.9334
56023,0.8311,0.8448
56025,0.6607000000000001,0.7951
56027,0.6645,0.8495
56029,0.9784,0.7803
56031,0.7624,0.839
56033,0.8407,0.7499
56035,0.994,0.9019
56037,0.9189,0.7958000000000001
56039,0.9104,0.8439
56041,0.45030000000000003,0.761
56043,0.9366,0.7839
56045,0.5014000000000001,0.8130999999999999
